"9 Digit Campus Number","Campus Name","6 Digit County District Number","District Name","Campus 2024 Attendance: All Students Days Present","Campus 2024 Attendance: All Students Days Membership","Campus 2024 Attendance: American Indian Days Present","Campus 2024 Attendance: American Indian Days Membership","Campus 2024 Attendance: Asian Days Present","Campus 2024 Attendance: Asian Days Membership","Campus 2024 Attendance: Pacific Islander Days Present","Campus 2024 Attendance: Pacific Islander Days Membership","Campus 2024 Attendance: African American Days Present","Campus 2024 Attendance: African American Days Membership","Campus 2024 Attendance: Hispanic Days Present","Campus 2024 Attendance: Hispanic Days Membership","Campus 2024 Attendance: White Days Present","Campus 2024 Attendance: White Days Membership","Campus 2024 Attendance: Two or More Races Days Present","Campus 2024 Attendance: Two or More Races Days Membership","Campus 2024 Attendance: Male Days Present","Campus 2024 Attendance: Male Days Membership","Campus 2024 Attendance: Female Days Present","Campus 2024 Attendance: Female Days Membership","Campus 2024 Attendance: Special Ed Days Present","Campus 2024 Attendance: Special Ed Days Membership","Campus 2024 Attendance: Econ Disadv Days Present","Campus 2024 Attendance: Econ Disadv Days Membership","Campus 2024 Attendance: EB/EL Days Present","Campus 2024 Attendance: EB/EL Days Membership","Campus 2024 Attendance: At Risk Days Present","Campus 2024 Attendance: At Risk Days Membership","Campus 2024 Attendance: All Students Rate","Campus 2024 Attendance: Two or More Races Rate","Campus 2024 Attendance: Asian Rate","Campus 2024 Attendance: Pacific Islander Rate","Campus 2024 Attendance: African American Rate","Campus 2024 Attendance: Hispanic Rate","Campus 2024 Attendance: White Rate","Campus 2024 Attendance: American Indian Rate","Campus 2024 Attendance: Econ Disadv Rate","Campus 2024 Attendance: Special Ed Rate","Campus 2024 Attendance: Female Rate","Campus 2024 Attendance: Male Rate","Campus 2024 Attendance: EB/EL Rate","Campus 2024 Attendance: At Risk Rate","2024 campus Chronic Absenteeism All Students Group: Numerator","2024 campus Chronic Absenteeism All Students Group: Denominator","2024 campus Chronic Absenteeism African American Group: Numerator","2024 campus Chronic Absenteeism African American Group: Denominator","2024 campus Chronic Absenteeism Hispanic Group: Numerator","2024 campus Chronic Absenteeism Hispanic Group: Denominator","2024 campus Chronic Absenteeism White Group: Numerator","2024 campus Chronic Absenteeism White Group: Denominator","2024 campus Chronic Absenteeism American Indian Group: Numerator","2024 campus Chronic Absenteeism American Indian Group: Denominator","2024 campus Chronic Absenteeism Asian Group: Numerator","2024 campus Chronic Absenteeism Asian Group: Denominator","2024 campus Chronic Absenteeism Pacific Islander Group: Numerator","2024 campus Chronic Absenteeism Pacific Islander Group: Denominator","2024 campus Chronic Absenteeism Two or More Races Group: Numerator","2024 campus Chronic Absenteeism Two or More Races Group: Denominator","2024 campus Chronic Absenteeism Econ Disadv Group: Numerator","2024 campus Chronic Absenteeism Econ Disadv Group: Denominator","2024 campus Chronic Absenteeism Special Ed Group: Numerator","2024 campus Chronic Absenteeism Special Ed Group: Denominator","2024 campus Chronic Absenteeism ELL Group: Numerator","2024 campus Chronic Absenteeism ELL Group: Denominator","2024 campus Chronic Absenteeism At Risk Group: Numerator","2024 campus Chronic Absenteeism At Risk Group: Denominator","2024 campus Chronic Absenteeism All Students Group: Rate","2024 campus Chronic Absenteeism African American Group: Rate","2024 campus Chronic Absenteeism Hispanic Group: Rate","2024 campus Chronic Absenteeism White Group: Rate","2024 campus Chronic Absenteeism American Indian Group: Rate","2024 campus Chronic Absenteeism Asian Group: Rate","2024 campus Chronic Absenteeism Pacific Islander Group: Rate","2024 campus Chronic Absenteeism Two or More Races Group: Rate","2024 campus Chronic Absenteeism Econ Disadv Group: Rate","2024 campus Chronic Absenteeism Special Ed Group: Rate","2024 campus Chronic Absenteeism ELL Group: Rate","2024 campus Chronic Absenteeism At Risk Group: Rate","Annual Dropout Rate, Grades 07-08, SY 2023-24, All Students, Numerator","Annual Dropout Rate, Grades 07-08, SY 2023-24, Male, Numerator","Annual Dropout Rate, Grades 07-08, SY 2023-24, Female, Numerator","Annual Dropout Rate, Grades 07-08, SY 2023-24, Asian, Numerator","Annual Dropout Rate, Grades 07-08, SY 2023-24, African American, Numerator","Annual Dropout Rate, Grades 07-08, SY 2023-24, Hispanic, Numerator","Annual Dropout Rate, Grades 07-08, SY 2023-24, American Indian, Numerator","Annual Dropout Rate, Grades 07-08, SY 2023-24, Pacific Islander, Numerator","Annual Dropout Rate, Grades 07-08, SY 2023-24, Two or More Races, Numerator","Annual Dropout Rate, Grades 07-08, SY 2023-24, White, Numerator","Annual Dropout Rate, Grades 07-08, SY 2023-24, Econ Disadv, Numerator","Annual Dropout Rate, Grades 07-08, SY 2023-24, Special Ed, Numerator","Annual Dropout Rate, Grades 07-08, SY 2023-24, At Risk, Numerator","Annual Dropout Rate, Grades 07-08, SY 2023-24, EB/EL, Numerator","Annual Dropout Rate, Grades 07-08, SY 2023-24, All Students, Denominator","Annual Dropout Rate, Grades 07-08, SY 2023-24, Male, Denominator","Annual Dropout Rate, Grades 07-08, SY 2023-24, Female, Denominator","Annual Dropout Rate, Grades 07-08, SY 2023-24, Asian, Denominator","Annual Dropout Rate, Grades 07-08, SY 2023-24, African American, Denominator","Annual Dropout Rate, Grades 07-08, SY 2023-24, Hispanic, Denominator","Annual Dropout Rate, Grades 07-08, SY 2023-24, American Indian, Denominator","Annual Dropout Rate, Grades 07-08, SY 2023-24, Pacific Islander, Denominator","Annual Dropout Rate, Grades 07-08, SY 2023-24, Two or More Races, Denominator","Annual Dropout Rate, Grades 07-08, SY 2023-24, White, Denominator","Annual Dropout Rate, Grades 07-08, SY 2023-24, Econ Disadv, Denominator","Annual Dropout Rate, Grades 07-08, SY 2023-24, Special Ed, Denominator","Annual Dropout Rate, Grades 07-08, SY 2023-24, At Risk, Denominator","Annual Dropout Rate, Grades 07-08, SY 2023-24, EB/EL, Denominator","Annual Dropout Rate, Grades 07-08, SY 2023-24, All Students, Rate","Annual Dropout Rate, Grades 07-08, SY 2023-24, Male, Rate","Annual Dropout Rate, Grades 07-08, SY 2023-24, Female, Rate","Annual Dropout Rate, Grades 07-08, SY 2023-24, Asian, Rate","Annual Dropout Rate, Grades 07-08, SY 2023-24, African American, Rate","Annual Dropout Rate, Grades 07-08, SY 2023-24, Hispanic, Rate","Annual Dropout Rate, Grades 07-08, SY 2023-24, American Indian, Rate","Annual Dropout Rate, Grades 07-08, SY 2023-24, Pacific Islander, Rate","Annual Dropout Rate, Grades 07-08, SY 2023-24, Two or More Races, Rate","Annual Dropout Rate, Grades 07-08, SY 2023-24, White, Rate","Annual Dropout Rate, Grades 07-08, SY 2023-24, Econ Disadv, Rate","Annual Dropout Rate, Grades 07-08, SY 2023-24, Special Ed, Rate","Annual Dropout Rate, Grades 07-08, SY 2023-24, At Risk, Rate","Annual Dropout Rate, Grades 07-08, SY 2023-24, EB/EL, Rate","Annual Dropout Rate, Grades 09-12, SY 2023-24, All Students, Numerator","Annual Dropout Rate, Grades 09-12, SY 2023-24, Male, Numerator","Annual Dropout Rate, Grades 09-12, SY 2023-24, Female, Numerator","Annual Dropout Rate, Grades 09-12, SY 2023-24, Asian, Numerator","Annual Dropout Rate, Grades 09-12, SY 2023-24, African American, Numerator","Annual Dropout Rate, Grades 09-12, SY 2023-24, Hispanic, Numerator","Annual Dropout Rate, Grades 09-12, SY 2023-24, American Indian, Numerator","Annual Dropout Rate, Grades 09-12, SY 2023-24, Pacific Islander, Numerator","Annual Dropout Rate, Grades 09-12, SY 2023-24, Two or More Races, Numerator","Annual Dropout Rate, Grades 09-12, SY 2023-24, White, Numerator","Annual Dropout Rate, Grades 09-12, SY 2023-24, Econ Disadv, Numerator","Annual Dropout Rate, Grades 09-12, SY 2023-24, Special Ed, Numerator","Annual Dropout Rate, Grades 09-12, SY 2023-24, At Risk, Numerator","Annual Dropout Rate, Grades 09-12, SY 2023-24, EB/EL, Numerator","Annual Dropout Rate, Grades 09-12, SY 2023-24, All Students, Denominator","Annual Dropout Rate, Grades 09-12, SY 2023-24, Male, Denominator","Annual Dropout Rate, Grades 09-12, SY 2023-24, Female, Denominator","Annual Dropout Rate, Grades 09-12, SY 2023-24, Asian, Denominator","Annual Dropout Rate, Grades 09-12, SY 2023-24, African American, Denominator","Annual Dropout Rate, Grades 09-12, SY 2023-24, Hispanic, Denominator","Annual Dropout Rate, Grades 09-12, SY 2023-24, American Indian, Denominator","Annual Dropout Rate, Grades 09-12, SY 2023-24, Pacific Islander, Denominator","Annual Dropout Rate, Grades 09-12, SY 2023-24, Two or More Races, Denominator","Annual Dropout Rate, Grades 09-12, SY 2023-24, White, Denominator","Annual Dropout Rate, Grades 09-12, SY 2023-24, Econ Disadv, Denominator","Annual Dropout Rate, Grades 09-12, SY 2023-24, Special Ed, Denominator","Annual Dropout Rate, Grades 09-12, SY 2023-24, At Risk, Denominator","Annual Dropout Rate, Grades 09-12, SY 2023-24, EB/EL, Denominator","Annual Dropout Rate, Grades 09-12, SY 2023-24, All Students, Rate","Annual Dropout Rate, Grades 09-12, SY 2023-24, Male, Rate","Annual Dropout Rate, Grades 09-12, SY 2023-24, Female, Rate","Annual Dropout Rate, Grades 09-12, SY 2023-24, Asian, Rate","Annual Dropout Rate, Grades 09-12, SY 2023-24, African American, Rate","Annual Dropout Rate, Grades 09-12, SY 2023-24, Hispanic, Rate","Annual Dropout Rate, Grades 09-12, SY 2023-24, American Indian, Rate","Annual Dropout Rate, Grades 09-12, SY 2023-24, Pacific Islander, Rate","Annual Dropout Rate, Grades 09-12, SY 2023-24, Two or More Races, Rate","Annual Dropout Rate, Grades 09-12, SY 2023-24, White, Rate","Annual Dropout Rate, Grades 09-12, SY 2023-24, Econ Disadv, Rate","Annual Dropout Rate, Grades 09-12, SY 2023-24, Special Ed, Rate","Annual Dropout Rate, Grades 09-12, SY 2023-24, At Risk, Rate","Annual Dropout Rate, Grades 09-12, SY 2023-24, EB/EL, Rate"
CAMPUS,CAMPNAME,DISTRICT,DISTNAME,CA0AT24N,CA0AT24D,CI0AT24N,CI0AT24D,C30AT24N,C30AT24D,C40AT24N,C40AT24D,CB0AT24N,CB0AT24D,CH0AT24N,CH0AT24D,CW0AT24N,CW0AT24D,C20AT24N,C20AT24D,CM0AT24N,CM0AT24D,CF0AT24N,CF0AT24D,CS0AT24N,CS0AT24D,CE0AT24N,CE0AT24D,CL0AT24N,CL0AT24D,CR0AT24N,CR0AT24D,CA0AT24R,C20AT24R,C30AT24R,C40AT24R,CB0AT24R,CH0AT24R,CW0AT24R,CI0AT24R,CE0AT24R,CS0AT24R,CF0AT24R,CM0AT24R,CL0AT24R,CR0AT24R,CA0CA24N,CA0CA24D,CB0CA24N,CB0CA24D,CH0CA24N,CH0CA24D,CW0CA24N,CW0CA24D,CI0CA24N,CI0CA24D,C30CA24N,C30CA24D,C40CA24N,C40CA24D,C20CA24N,C20CA24D,CE0CA24N,CE0CA24D,CS0CA24N,CS0CA24D,CL0CA24N,CL0CA24D,CR0CA24N,CR0CA24D,CA0CA24R,CB0CA24R,CH0CA24R,CW0CA24R,CI0CA24R,C30CA24R,C40CA24R,C20CA24R,CE0CA24R,CS0CA24R,CL0CA24R,CR0CA24R,CA0708DR24N,CM0708DR24N,CF0708DR24N,C30708DR24N,CB0708DR24N,CH0708DR24N,CI0708DR24N,C40708DR24N,C20708DR24N,CW0708DR24N,CE0708DR24N,CS0708DR24N,CR0708DR24N,CL0708DR24N,CA0708DR24D,CM0708DR24D,CF0708DR24D,C30708DR24D,CB0708DR24D,CH0708DR24D,CI0708DR24D,C40708DR24D,C20708DR24D,CW0708DR24D,CE0708DR24D,CS0708DR24D,CR0708DR24D,CL0708DR24D,CA0708DR24R,CM0708DR24R,CF0708DR24R,C30708DR24R,CB0708DR24R,CH0708DR24R,CI0708DR24R,C40708DR24R,C20708DR24R,CW0708DR24R,CE0708DR24R,CS0708DR24R,CR0708DR24R,CL0708DR24R,CA0912DR24N,CM0912DR24N,CF0912DR24N,C30912DR24N,CB0912DR24N,CH0912DR24N,CI0912DR24N,C40912DR24N,C20912DR24N,CW0912DR24N,CE0912DR24N,CS0912DR24N,CR0912DR24N,CL0912DR24N,CA0912DR24D,CM0912DR24D,CF0912DR24D,C30912DR24D,CB0912DR24D,CH0912DR24D,CI0912DR24D,C40912DR24D,C20912DR24D,CW0912DR24D,CE0912DR24D,CS0912DR24D,CR0912DR24D,CL0912DR24D,CA0912DR24R,CM0912DR24R,CF0912DR24R,C30912DR24R,CB0912DR24R,CH0912DR24R,CI0912DR24R,C40912DR24R,C20912DR24R,CW0912DR24R,CE0912DR24R,CS0912DR24R,CR0912DR24R,CL0912DR24R
"057905001","BRYAN ADAMS H S LEADERSHIP ACADEMY","057905","DALLAS ISD",358613,386571,2019,2217,4033,4408,,,37003,39870,292884,315690,19064,20386,3610,4000,183664,197054,174949,189517,33415,36128,318083,342835,204117,220242,259604,280943,92.8,90.3,91.5,,92.8,92.8,93.5,91.1,92.8,92.5,92.3,93.2,92.7,92.4,664,2508,80,277,529,2029,31,132,6,15,10,29,,,8,26,544,2138,63,233,380,1420,490,1777,26.5,28.9,26.1,23.5,40,34.5,,30.8,25.4,27,26.8,27.6,,,,,,,,,,,,,,,,,,,,,,,,,,,,,,,,,,,,,,,,,,,52,30,22,0,3,42,1,,0,6,48,5,28,36,2488,1283,1205,26,264,2028,15,,25,130,2254,229,1703,1408,2.1,2.3,1.8,0,1.1,2.1,6.7,,0,4.6,2.1,2.2,1.6,2.6
"057905002","W H ADAMSON H S","057905","DALLAS ISD",218302,238591,1331,1604,-1,-1,,,4530,4913,207819,226938,3074,3401,-1,-1,118109,129082,100193,109509,20372,22316,211298,230933,141512,154080,168777,185232,91.5,-1,-1,,92.2,91.6,90.4,83,91.5,91.3,91.5,91.5,91.8,91.1,445,1483,12,37,414,1398,8,24,6,12,1,5,,,4,7,413,1405,45,138,273,948,355,1135,30,32.4,29.6,33.3,50,20,,57.1,29.4,32.6,28.8,31.3,,,,,,,,,,,,,,,,,,,,,,,,,,,,,,,,,,,,,,,,,,,25,18,7,0,0,22,2,,0,1,22,3,14,13,1493,805,688,5,42,1406,11,,6,23,1444,139,1123,953,1.7,2.2,1,0,0,1.6,18.2,,0,4.3,1.5,2.2,1.2,1.4
"057905003","NEW TECH H S AT B F DARRELL H S","057905","DALLAS ISD",66676,72299,-1,-1,-1,-1,,,14144,15207,49874,54118,1485,1727,-1,-1,35490,38185,31186,34114,5938,6415,57556,62590,27899,30211,37989,41786,92.2,-1,-1,,93,92.2,86,-1,92,92.6,91.4,92.9,92.3,90.9,104,436,19,92,79,325,4,11,-1,-1,0,5,,,-1,-1,92,375,8,39,43,180,73,252,23.9,20.7,24.3,36.4,-1,0,,-1,24.5,20.5,23.9,29,,,,,,,,,,,,,,,,,,,,,,,,,,,,,,,,,,,,,,,,,,,2,2,0,0,0,2,-1,,-1,0,2,0,1,1,439,230,209,6,91,328,-1,,-1,12,381,39,253,183,0.5,0.9,0,0,0,0.6,-1,,-1,0,0.5,0,0.4,0.5
"057905005","MOISES E MOLINA H S","057905","DALLAS ISD",289241,342274,1157,1417,-1,-1,,,10876,14354,273892,322577,2601,3128,-1,-1,148757,177516,140484,164758,34413,40915,259281,306577,157587,183587,209269,252803,84.5,-1,-1,,75.8,84.9,83.2,81.7,84.6,84.1,85.3,83.8,85.8,82.8,1035,2174,74,108,944,2029,11,21,4,10,-1,-1,,,-3,-3,900,1901,125,264,497,1147,813,1583,47.6,68.5,46.5,52.4,40,-1,,40,47.3,47.3,43.3,51.4,,,,,,,,,,,,,,,,,,,,,,,,,,,,,,,,,,,,,,,,,,,67,43,24,-1,9,56,2,,-3,0,57,13,46,35,2183,1133,1050,-1,110,2035,10,,-3,22,1963,260,1546,1154,3.1,3.8,2.3,-1,8.2,2.8,20,,0,0,2.9,5,3,3
"057905006","HILLCREST H S","057905","DALLAS ISD",245368,270354,1146,1225,3948,4235,-1,-1,41645,45321,168903,187140,26895,29194,2332,2728,126304,139391,119064,130963,21613,23688,188004,207770,125477,139818,155863,174662,90.8,85.5,93.2,-1,91.9,90.3,92.1,93.6,90.5,91.2,90.9,90.6,89.7,89.2,521,1741,85,304,379,1196,41,182,-3,-3,6,28,-1,-1,8,20,399,1296,45,156,296,904,396,1108,29.9,28,31.7,22.5,25,21.4,-1,40,30.8,28.8,32.7,35.7,,,,,,,,,,,,,,,,,,,,,,,,,,,,,,,,,,,,,,,,,,,60,31,29,2,6,42,-3,-1,3,7,43,4,36,39,1737,899,838,26,299,1201,-3,-1,20,180,1358,156,1085,903,3.5,3.4,3.5,7.7,2,3.5,0,-1,15,3.9,3.2,2.6,3.3,4.3
"057905007","THOMAS JEFFERSON H S","057905","DALLAS ISD",218062,242276,2309,2613,-1,-1,,,7278,8291,204924,227240,2736,3125,811,1002,117350,130422,100712,111854,24157,26245,208378,230947,179099,198183,191854,212955,90,80.9,-1,,87.8,90.2,87.6,88.4,90.2,92,90,90,90.4,90.1,604,1676,34,68,544,1547,14,29,7,20,,,,,5,12,531,1515,46,173,471,1362,496,1405,36,50,35.2,48.3,35,,,41.7,35,26.6,34.6,35.3,,,,,,,,,,,,,,,,,,,,,,,,,,,,,,,,,,,,,,,,,,,116,69,47,-1,3,98,3,,-3,6,111,6,76,105,1655,902,753,-1,67,1526,20,,-3,29,1610,169,1345,1342,7,7.6,6.2,-1,4.5,6.4,15,,50,20.7,6.9,3.6,5.7,7.8
"057905008","JUSTIN F KIMBALL H S","057905","DALLAS ISD",183270,211502,-1,-1,-1,-1,,,50017,59507,127759,145598,3038,3653,1567,1751,99291,114254,83979,97248,25371,28832,152638,175490,97288,110323,143378,166938,86.7,89.5,-1,,84.1,87.7,83.2,-1,87,88,86.4,86.9,88.2,85.9,687,1485,240,441,423,991,15,29,-3,-3,-1,-1,,,6,14,530,1172,81,205,315,752,543,1121,46.3,54.4,42.7,51.7,37.5,-1,,42.9,45.2,39.5,41.9,48.4,,,,,,,,,,,,,,,,,,,,,,,,,,,,,,,,,,,,,,,,,,,100,59,41,-1,22,68,-3,,1,7,77,12,57,56,1480,795,685,-1,434,992,-3,,14,30,1218,201,1067,752,6.8,7.4,6,-1,5.1,6.9,25,,7.1,23.3,6.3,6,5.3,7.4
"057905009","LINCOLN HUMANITIES/COMMUNICATIONS MAGNET HIGH SCH","057905","DALLAS ISD",93663,108911,-1,-1,,,,,65555,76269,26024,30180,-1,-1,1368,1594,50317,58185,43346,50726,16483,18339,87566,101838,19623,22822,65069,77328,86,85.8,,,86,86.2,-1,-1,86,89.9,85.5,86.5,86,84.1,394,784,278,547,106,217,-3,-3,-1,-1,,,,,6,13,351,704,52,130,76,165,305,548,50.3,50.8,48.8,66.7,-1,,,46.2,49.9,40,46.1,55.7,,,,,,,,,,,,,,,,,,,,,,,,,,,,,,,,,,,,,,,,,,,40,24,16,,20,18,-1,,0,-3,38,1,28,19,791,415,376,,546,225,-1,,13,-3,747,125,520,169,5.1,5.8,4.3,,3.7,8,-1,,0,16.7,5.1,0.8,5.4,11.2
"057905012","DR L G PINKSTON SR H S","057905","DALLAS ISD",170577,197359,-1,-1,1422,1490,-1,-1,41995,49639,123107,141487,2211,2634,960,1145,83589,97466,86988,99893,25296,29413,155567,179338,84294,95786,131398,153091,86.4,83.8,95.4,-1,84.6,87,83.9,-1,86.7,86,87.1,85.8,88,85.8,656,1350,202,351,434,952,11,19,-3,-3,2,10,-1,-1,5,11,565,1179,108,201,268,644,519,1021,48.6,57.5,45.6,57.9,33.3,20,-1,45.5,47.9,53.7,41.6,50.8,,,,,,,,,,,,,,,,,,,,,,,,,,,,,,,,,,,,,,,,,,,78,50,28,0,14,61,-3,-1,2,1,64,6,48,41,1354,687,667,10,354,954,-3,-1,10,19,1249,196,994,644,5.8,7.3,4.2,0,4,6.4,0,-1,20,5.3,5.1,3.1,4.8,6.4
"057905013","FRANKLIN D ROOSEVELT H S OF INNOVATION","057905","DALLAS ISD",96351,111394,-1,-1,-1,-1,-1,-1,36251,42548,56821,65186,1965,2163,-1,-1,50024,57539,46327,53855,16404,18335,91345,104794,41901,47949,75477,87448,86.5,-1,-1,-1,85.2,87.2,90.8,-1,87.2,89.5,86,86.9,87.4,86.3,409,805,177,313,215,458,7,17,3,6,-1,-1,-1,-1,7,9,343,715,48,128,161,335,310,603,50.8,56.5,46.9,41.2,50,-1,-1,77.8,48,37.5,48.1,51.4,,,,,,,,,,,,,,,,,,,,,,,,,,,,,,,,,,,,,,,,,,,46,24,22,-1,14,28,0,-1,2,2,43,5,23,23,803,428,375,-1,322,447,6,-1,7,19,771,124,562,325,5.7,5.6,5.9,-1,4.3,6.3,0,-1,28.6,10.5,5.6,4,4.1,7.1
"057905014","W W SAMUELL H S","057905","DALLAS ISD",271852,306715,2906,3386,-1,-1,-1,-1,29306,35904,231881,258671,5391,6126,1758,1991,134889,153460,136963,153255,35236,40071,253172,285456,183314,203557,225220,255956,88.6,88.3,-1,-1,81.6,89.6,88,85.8,88.7,87.9,89.4,87.9,90.1,88,813,2116,178,293,601,1733,18,43,11,27,-1,-1,-1,-1,5,16,709,1890,118,272,445,1364,687,1715,38.4,60.8,34.7,41.9,40.7,-1,-1,31.3,37.5,43.4,32.6,40.1,-1,-1,,,,-1,,,,,-1,,,-1,-1,-1,,,,-1,,,,,-1,,,-1,-1,-1,,,,-1,,,,,-1,,,-1,134,85,49,-1,21,107,1,-1,0,5,129,13,113,85,2121,1083,1038,-1,292,1737,28,-1,15,45,1995,272,1656,1364,6.3,7.8,4.7,-1,7.2,6.2,3.6,-1,0,11.1,6.5,4.8,6.8,6.2
"057905015","SEAGOVILLE H S","057905","DALLAS ISD",262574,302175,-1,-1,-1,-1,-1,-1,51321,57579,189750,220179,17721,20254,2406,2711,133508,154520,129066,147655,34971,40095,230637,265837,131531,152317,201898,235615,86.9,88.7,-1,-1,89.1,86.2,87.5,-1,86.8,87.2,87.4,86.4,86.4,85.7,898,2012,166,408,665,1438,55,136,1,5,-1,-1,-1,-1,9,20,756,1713,115,267,468,1007,746,1538,44.6,40.7,46.2,40.4,20,-1,-1,45,44.1,43.1,46.5,48.5,,,,,,,,,,,,,,,,,,,,,,,,,,,,,,,,,,,,,,,,,,,23,13,10,-1,2,17,0,-1,0,4,21,6,17,9,2034,1038,996,-1,410,1452,5,-1,21,141,1805,269,1478,1010,1.1,1.3,1,-1,0.5,1.2,0,-1,0,2.8,1.2,2.2,1.2,0.9
"057905016","SOUTH OAK CLIFF H S","057905","DALLAS ISD",229078,259065,1073,1148,1950,2059,-1,-1,135865,153710,85838,97069,2056,2495,2134,2412,124861,140610,104217,118455,29849,32839,217018,244230,70261,78608,164532,187423,88.4,88.5,94.7,-1,88.4,88.4,82.4,93.5,88.9,90.9,88,88.8,89.4,87.8,817,1821,502,1083,291,681,13,20,-3,-3,1,12,-1,-1,7,16,689,1626,86,221,211,542,594,1273,44.9,46.4,42.7,65,37.5,8.3,-1,43.8,42.4,38.9,38.9,46.7,,,,,,,,,,,,,,,,,,,,,,,,,,,,,,,,,,,,,,,,,,,69,43,26,0,23,45,-3,-1,0,1,62,3,35,37,1860,1022,838,11,1107,697,-3,-1,15,21,1765,226,1192,558,3.7,4.2,3.1,0,2.1,6.5,0,-1,0,4.8,3.5,1.3,2.9,6.6
"057905017","H GRADY SPRUCE H S","057905","DALLAS ISD",198900,240455,1179,1387,-1,-1,,,28729,37020,164532,196806,2833,3267,1159,1483,100118,121628,98782,118827,28942,33179,188304,226402,129038,154250,166596,203177,82.7,78.2,-1,,77.6,83.6,86.7,85,83.2,87.2,83.1,82.3,83.7,82,906,1653,188,276,692,1325,12,27,-3,-3,-1,-1,,,8,11,769,1472,93,223,539,1032,739,1325,54.8,68.1,52.2,44.4,50,-1,,72.7,52.2,41.7,52.2,55.8,,,,,,,,,,,,,,,,,,,,,,,,,,,,,,,,,,,,,,,,,,,64,38,26,-1,12,52,0,,-3,0,62,8,34,41,1697,877,820,-1,286,1361,10,,-3,28,1632,227,1287,1047,3.8,4.3,3.2,-1,4.2,3.8,0,,0,0,3.8,3.5,2.6,3.9
"057905018","SUNSET H S","057905","DALLAS ISD",321690,362082,1498,1861,956,1022,,,4062,4695,310281,349004,4174,4700,-1,-1,153091,173321,168599,188761,34222,38623,293679,330434,188063,209701,245074,278690,88.8,-1,93.5,,86.5,88.9,88.8,80.5,88.9,88.6,89.3,88.3,89.7,87.9,892,2299,17,37,852,2204,13,31,6,14,1,7,,,3,6,787,2050,101,248,468,1322,733,1750,38.8,45.9,38.7,41.9,42.9,14.3,,50,38.4,40.7,35.4,41.9,,,,,,,,,,,,,,,,,,,,,,,,,,,,,,,,,,,,,,,,,,,60,38,22,0,4,54,1,,0,1,54,5,44,35,2314,1122,1192,7,42,2214,13,,6,32,2124,244,1726,1323,2.6,3.4,1.8,0,9.5,2.4,7.7,,0,3.1,2.5,2,2.5,2.6
"057905021","W T WHITE H S","057905","DALLAS ISD",321635,351986,2693,2922,4499,4802,-1,-1,33947,37251,264933,289775,13717,15209,1766,1942,170765,186766,150870,165220,28902,32176,272099,297581,195342,213539,238786,262532,91.4,90.9,93.7,-1,91.1,91.4,90.2,92.2,91.4,89.8,91.3,91.4,91.5,91,673,2309,87,260,531,1877,36,103,7,23,8,31,-1,-1,-3,-3,524,1866,74,221,391,1398,503,1668,29.1,33.5,28.3,35,30.4,25.8,-1,28.6,28.1,33.5,28,30.2,,,,,,,,,,,,,,,,,,,,,,,,,,,,,,,,,,,,,,,,,,,111,63,48,1,8,93,3,-1,-3,4,93,8,78,87,2302,1236,1066,30,258,1872,23,-1,-3,103,1975,219,1621,1395,4.8,5.1,4.5,3.3,3.1,5,13,-1,13.3,3.9,4.7,3.7,4.8,6.2
"057905022","WOODROW WILSON H S","057905","DALLAS ISD",270199,301073,-1,-1,3419,3665,-1,-1,16263,18448,164239,186190,81349,87227,4215,4754,135616,151376,134583,149697,29525,34002,138406,158034,78331,89595,134890,156398,89.7,88.7,93.3,-1,88.2,88.2,93.3,-1,87.6,86.8,89.9,89.6,87.4,86.2,565,1899,54,130,396,1173,95,530,-3,-3,5,25,-1,-1,12,33,368,1001,83,226,202,580,409,996,29.8,41.5,33.8,17.9,42.9,20,-1,36.4,36.8,36.7,34.8,41.1,,,,,,,,,,,,,,,,,,,,,,,,,,,,,,,,,,,,,,,,,,,37,20,17,1,2,19,-3,-1,4,11,28,7,24,16,1890,959,931,26,128,1172,-3,-1,32,524,1037,223,963,578,2,2.1,1.8,3.8,1.6,1.6,0,-1,12.5,2.1,2.7,3.1,2.5,2.8
"057905023","DAVID W CARTER H S","057905","DALLAS ISD",154883,176199,-1,-1,,,,,95015,107926,56060,63643,2568,3002,1103,1467,86106,97131,68777,79068,25615,29065,123191,139519,36784,41671,100223,115370,87.9,75.2,,,88,88.1,85.5,-1,88.3,88.1,87,88.6,88.3,86.9,594,1286,349,763,222,483,13,26,-1,-1,,,,,-3,-3,406,949,95,212,148,322,393,809,46.2,45.7,46,50,-1,,,69.2,42.8,44.8,46,48.6,-1,-1,-1,,,-1,,,,,-1,,,-1,-1,-1,-1,,,-1,,,,,-1,,,-1,-1,-1,-1,,,-1,,,,,-1,,,-1,68,43,25,,22,41,-1,,-3,2,55,11,30,31,1300,711,589,,771,489,-1,,-3,26,1073,210,764,321,5.2,6,4.2,,2.9,8.4,-1,,23.1,7.7,5.1,5.2,3.9,9.7
"057905024","NORTH DALLAS H S","057905","DALLAS ISD",187221,208343,-1,-1,2681,2798,,,50641,57627,127038,140311,4497,4847,1703,2010,98578,108941,88643,99402,24442,26486,161421,179508,87156,96255,133768,150227,89.9,84.7,95.8,,87.9,90.5,92.8,-1,89.9,92.3,89.2,90.5,90.5,89,557,1448,199,431,335,938,8,34,2,7,1,19,,,12,19,452,1202,54,186,227,642,421,1018,38.5,46.2,35.7,23.5,28.6,5.3,,63.2,37.6,29,35.4,41.4,,,,,,,,,,,,,,,,,,,,,,,,,,,,,,,,,,,,,,,,,,,79,40,39,0,27,49,1,,1,1,66,3,53,39,1453,778,675,18,426,949,7,,18,35,1267,186,970,642,5.4,5.1,5.8,0,6.3,5.2,14.3,,5.6,2.9,5.2,1.6,5.5,6.1
"057905025","SKYLINE H S","057905","DALLAS ISD",571384,631753,2436,2585,1601,1698,-1,-1,110068,123152,443604,489145,9420,10473,3864,4298,282067,312724,289317,319029,45253,50887,485993,536493,305072,336901,413970,464422,90.4,89.9,94.3,-1,89.4,90.7,89.9,94.2,90.6,88.9,90.7,90.2,90.6,89.1,1248,4089,299,835,905,3113,27,72,4,19,-3,-3,-1,-1,11,35,1001,3396,118,338,663,2172,1034,2976,30.5,35.8,29.1,37.5,21.1,16.7,-1,31.4,29.5,34.9,30.5,34.7,-1,-1,,,,-1,,,,,-1,,,-1,-1,-1,,,,-1,,,,,-1,,,-1,-1,-1,,,,-1,,,,,-1,,,-1,131,82,49,-3,23,100,2,-1,2,4,110,15,94,86,4076,2027,2049,-3,827,3114,19,-1,34,68,3499,336,2875,2160,3.2,4,2.4,0,2.8,3.2,10.5,-1,5.9,5.9,3.1,4.5,3.3,4
"057905026","SCHOOL OF SCIENCE AND ENGINEERING","057905","DALLAS ISD",82086,84310,-1,-1,6833,6993,-1,-1,5325,5465,59676,61289,8623,8859,1123,1191,63564,65276,18522,19034,2686,2745,53315,54825,19076,19556,23454,24132,97.4,94.3,97.7,-1,97.4,97.4,97.3,-1,97.2,97.9,97.3,97.4,97.5,97.2,11,496,0,32,8,361,1,52,-1,-1,1,41,-1,-1,1,7,9,323,0,16,3,115,5,142,2.2,0,2.2,1.9,-1,2.4,-1,14.3,2.8,0,2.6,3.5,,,,,,,,,,,,,,,,,,,,,,,,,,,,,,,,,,,,,,,,,,,0,0,0,0,0,0,-1,-1,0,0,0,0,0,0,496,384,112,41,32,361,-1,-1,7,52,324,16,143,116,0,0,0,0,0,0,-1,-1,0,0,0,0,0,0
"057905028","EMMETT J CONRAD H S","057905","DALLAS ISD",195748,216794,1139,1257,18400,20207,-1,-1,39951,43807,126642,141035,8070,8740,1286,1409,100812,111771,94936,105023,21159,23601,182704,201950,134493,149612,150315,167739,90.3,91.3,91.1,-1,91.2,89.8,92.3,90.6,90.5,89.7,90.4,90.2,89.9,89.6,485,1437,95,292,328,925,16,61,6,11,36,136,-1,-1,-3,-3,406,1269,54,155,339,998,370,1067,33.8,32.5,35.5,26.2,54.5,26.5,-1,20,32,34.8,34,34.7,,,,,,,,,,,,,,,,,,,,,,,,,,,,,,,,,,,,,,,,,,,77,50,27,3,7,59,1,-1,-3,7,70,7,61,66,1379,723,656,105,269,924,11,-1,-3,59,1294,150,984,942,5.6,6.9,4.1,2.9,2.6,6.4,9.1,-1,0,11.9,5.4,4.7,6.2,7
"057905032","JAMES MADISON H S","057905","DALLAS ISD",55417,61518,-1,-1,-1,-1,,,36119,40106,17971,19912,-1,-1,-1,-1,30618,33869,24799,27649,8162,9198,52095,57785,16549,18321,39102,43749,90.1,-1,-1,,90.1,90.3,-1,-1,90.2,88.7,89.7,90.4,90.3,89.4,179,437,121,287,50,136,5,7,-1,-1,-1,-1,,,-1,-1,157,397,38,69,43,124,134,307,41,42.2,36.8,71.4,-1,-1,,-1,39.5,55.1,34.7,43.6,,,,,,,,,,,,,,,,,,,,,,,,,,,,,,,,,,,,,,,,,,,22,16,6,-1,11,11,-1,,-1,0,19,2,13,9,451,240,211,-1,293,144,-1,,-1,7,420,72,308,129,4.9,6.7,2.8,-1,3.8,7.6,-1,,-1,0,4.5,2.8,4.2,7
"057905033","MARVIN E ROBINSON SCHOOL OF BUSINESS AND MGMT","057905","DALLAS ISD",46554,47972,-1,-1,-1,-1,-1,-1,6885,7084,37269,38405,1559,1629,-1,-1,25414,26124,21140,21848,-1,-1,38757,39946,13754,14148,19666,20315,97,-1,-1,-1,97.2,97,95.7,-1,97,-1,96.8,97.3,97.2,96.8,20,392,2,57,16,314,2,14,-1,-1,-1,-1,-1,-1,-1,-1,14,327,3,7,5,122,11,173,5.1,3.5,5.1,14.3,-1,-1,-1,-1,4.3,42.9,4.1,6.4,,,,,,,,,,,,,,,,,,,,,,,,,,,,,,,,,,,,,,,,,,,0,0,0,0,0,0,-1,-1,-1,0,0,0,0,0,474,262,212,7,70,376,-1,-1,-1,16,398,9,208,152,0,0,0,0,0,0,-1,-1,-1,0,0,0,0,0
"057905034","BOOKER T WASHINGTON SPVA MAGNET","057905","DALLAS ISD",156577,163512,-1,-1,3834,3939,,,30628,32109,56543,58904,60606,63365,4644,4861,39210,40789,117367,122723,5266,5579,52531,55172,12146,12595,30608,32277,95.8,95.5,97.3,,95.4,96,95.6,-1,95.2,94.4,95.6,96.1,96.4,94.8,73,968,17,189,25,348,30,375,-1,-1,-3,-3,,,1,30,34,327,7,34,4,74,25,192,7.5,9,7.2,8,-1,0,,3.3,10.4,20.6,5.4,13,,,,,,,,,,,,,,,,,,,,,,,,,,,,,,,,,,,,,,,,,,,0,0,0,-3,0,0,-1,,0,0,0,0,0,0,967,240,727,-3,189,347,-1,,30,375,327,34,192,74,0,0,0,0,0,0,-1,,0,0,0,0,0,0
"057905035","IRMA RANGEL YOUNG WOMEN'S LEADERSHIP SCHOOL","057905","DALLAS ISD",100094,103600,-1,-1,2175,2215,,,5568,5786,83428,86313,6898,7173,1530,1600,,,100094,103600,1279,1368,77194,79978,37428,38541,41494,42796,96.6,95.6,98.2,,96.2,96.7,96.2,-1,96.5,93.5,96.6,,97.1,97,21,611,2,34,17,509,1,42,-1,-1,0,13,,,-3,-3,17,471,1,8,5,227,7,252,3.4,5.9,3.3,2.4,-1,0,,10,3.6,12.5,2.2,2.8,0,,0,-1,0,0,-1,,0,0,0,-1,0,0,210,,210,-1,11,176,-1,,6,13,168,-1,116,110,0,,0,-1,0,0,-1,,0,0,0,-1,0,0,0,,0,0,0,0,-1,,-1,0,0,-1,0,0,291,,291,6,18,248,-1,,-1,15,224,-1,66,54,0,,0,0,0,0,-1,,-1,0,0,-1,0,0
"057905036","SCHOOL OF HEALTH PROFESSIONS","057905","DALLAS ISD",80002,83323,-1,-1,1619,1718,,,12626,13070,62642,65264,2483,2584,-1,-1,16451,17248,63551,66075,-1,-1,63726,66400,26266,27122,34082,35518,96,-1,94.2,,96.6,96,96.1,-1,96,-1,96.2,95.4,96.8,96,36,493,3,77,31,385,0,16,-1,-1,1,11,,,-1,-1,30,392,1,5,8,159,18,209,7.3,3.9,8.1,0,-1,9.1,,-1,7.7,20,5,8.6,,,,,,,,,,,,,,,,,,,,,,,,,,,,,,,,,,,,,,,,,,,1,0,1,0,0,1,-1,,-1,0,1,0,1,0,492,103,389,11,77,384,-1,,-1,16,390,5,208,158,0.2,0,0.3,0,0,0.3,-1,,-1,0,0.3,0,0.5,0
"057905037","ROSIE SORRELLS EDUCATION AND SOCIAL SERVICES H S","057905","DALLAS ISD",27620,28911,,,-1,-1,,,5297,5559,20882,21824,1133,1190,-1,-1,6377,6762,21243,22149,-1,-1,21040,22099,7733,8003,11325,11869,95.5,-1,-1,,95.3,95.7,95.2,,95.2,-1,95.9,94.3,96.6,95.4,20,175,6,34,13,132,0,7,,,-1,-1,,,-1,-1,18,134,-1,-1,2,47,10,71,11.4,17.6,9.8,0,,-1,,-1,13.4,-1,4.3,14.1,,,,,,,,,,,,,,,,,,,,,,,,,,,,,,,,,,,,,,,,,,,0,0,0,-1,0,0,,,-1,0,0,-1,0,0,175,40,135,-1,34,132,,,-1,7,134,-1,70,47,0,0,0,-1,0,0,,,-1,0,0,-1,0,0
"057905038","JUDGE BAREFOOT SANDERS LAW MAGNET","057905","DALLAS ISD",49910,52124,,,1700,1768,,,6919,7268,37609,39206,3200,3363,-1,-1,20672,21561,29238,30563,-1,-1,40853,42742,13238,13730,17057,17937,95.8,-1,96.2,,95.2,95.9,95.2,,95.6,-1,95.7,95.9,96.4,95.1,40,412,4,59,30,310,3,25,,,-3,-3,,,-1,-1,38,342,-1,-1,10,105,23,142,9.7,6.8,9.7,12,,14.3,,-1,11.1,-1,9.5,16.2,,,,,,,,,,,,,,,,,,,,,,,,,,,,,,,,,,,,,,,,,,,0,0,0,0,0,0,,,0,0,0,0,0,0,486,195,291,18,72,362,,,6,28,404,5,165,119,0,0,0,0,0,0,,,0,0,0,0,0,0
"057905039","SCHOOL FOR THE TALENTED AND GIFTED","057905","DALLAS ISD",82452,84443,-1,-1,10355,10584,-1,-1,5126,5282,36256,37116,27849,28539,2267,2316,37220,38026,45232,46417,1254,1275,32982,33813,7536,7684,11172,11458,97.6,97.9,97.8,-1,97,97.7,97.6,-1,97.5,98.4,97.4,97.9,98.1,97.5,9,542,0,33,4,243,4,181,-1,-1,1,66,-1,-1,0,15,5,221,0,8,0,52,0,77,1.7,0,1.6,2.2,-1,1.5,-1,0,2.3,0,0,0,,,,,,,,,,,,,,,,,,,,,,,,,,,,,,,,,,,,,,,,,,,0,0,0,0,0,0,-1,-1,0,0,0,0,0,0,546,239,307,67,33,246,-1,-1,15,181,225,8,79,54,0,0,0,0,0,0,-1,-1,0,0,0,0,0,0
"057905085","KATHLYN JOY GILLIAM COLLEGIATE ACADEMY","057905","DALLAS ISD",55007,56844,-1,-1,-1,-1,,,23263,24217,29758,30578,-1,-1,-1,-1,23646,24377,31361,32467,1511,1538,39831,41111,15830,16261,25505,26462,96.8,-1,-1,,96.1,97.3,-1,-1,96.9,98.2,96.6,97,97.3,96.4,19,340,10,145,9,183,-1,-1,-1,-1,-1,-1,,,-1,-1,13,247,0,9,5,99,12,159,5.6,6.9,4.9,-1,-1,-1,,-1,5.3,0,5.1,7.5,,,,,,,,,,,,,,,,,,,,,,,,,,,,,,,,,,,,,,,,,,,0,0,0,-1,0,0,-1,,-1,-1,0,0,0,0,340,146,194,-1,145,183,-1,,-1,-1,247,9,159,99,0,0,0,-1,0,0,-1,,-1,-1,0,0,0,0
"057905088","TRINIDAD GARZA EARLY COLLEGE AT MT VIEW","057905","DALLAS ISD",75103,77399,,,-1,-1,,,3389,3503,70238,72361,1307,1364,,,35092,36073,40011,41326,-1,-1,67948,70042,29817,30568,34881,35849,97,,-1,,96.7,97.1,95.8,,97,-1,96.8,97.3,97.5,97.3,13,456,0,21,12,426,-3,-3,,,-1,-1,,,,,12,413,-1,-1,4,180,5,211,2.9,0,2.8,12.5,,-1,,,2.9,-1,2.2,2.4,,,,,,,,,,,,,,,,,,,,,,,,,,,,,,,,,,,,,,,,,,,0,0,0,-1,0,0,,,,-3,0,-1,0,0,458,214,244,-1,21,428,,,,-3,414,-1,211,180,0,0,0,-1,0,0,,,,0,0,-1,0,0
"057905090","DR WRIGHT L LASSITER JR EARLY COLLEGE H S","057905","DALLAS ISD",36486,37815,,,-1,-1,,,3028,3140,32830,34014,-1,-1,-1,-1,14625,15093,21861,22722,-1,-1,30069,31152,16096,16558,17949,18505,96.5,-1,-1,,96.4,96.5,-1,,96.5,-1,96.2,96.9,97.2,97,17,263,1,21,16,237,-1,-1,,,-1,-1,,,-1,-1,14,216,-1,-1,5,108,7,123,6.5,4.8,6.8,-1,,-1,,-1,6.5,-1,4.6,5.7,,,,,,,,,,,,,,,,,,,,,,,,,,,,,,,,,,,,,,,,,,,0,0,0,-1,0,0,,,-1,-1,0,-1,0,0,290,115,175,-1,24,261,,,-1,-1,238,-1,132,116,0,0,0,-1,0,0,,,-1,-1,0,-1,0,0
"057905352","YOUNG WOMEN'S STEAM ACADEMY AT BALCH SPRINGS MIDDL","057905","DALLAS ISD",123634,131807,-1,-1,-1,-1,,,16498,18184,101881,107953,3759,4079,-1,-1,-1,-1,123300,131463,15345,16706,114364,121834,79901,84139,100258,106658,93.8,-1,-1,,90.7,94.4,92.2,-1,93.9,91.9,93.8,-1,95,94,171,862,43,123,119,700,7,28,-1,-1,-1,-1,,,1,5,153,772,29,107,74,544,126,678,19.8,35,17,25,-1,-1,,20,19.8,27.1,13.6,18.6,16,-1,-3,-1,1,11,-1,,-1,2,13,0,5,6,584,-1,-3,-1,78,482,-1,,-1,19,534,68,420,363,2.7,-1,2.7,-1,1.3,2.3,-1,,-1,10.5,2.4,0,1.2,1.7,,,,,,,,,,,,,,,,,,,,,,,,,,,,,,,,,,,,,,,,,,
"057905380","WILMER-HUTCHINS H S","057905","DALLAS ISD",133192,155472,-1,-1,1813,1915,-1,-1,58683,69616,69826,80599,1089,1307,1002,1153,69384,80595,63808,74877,18140,21536,125943,146345,53006,60597,99883,118208,85.7,86.9,94.7,-1,84.3,86.6,83.3,-1,86.1,84.2,85.2,86.1,87.5,84.5,601,1093,306,514,278,539,10,13,-1,-1,2,13,-1,-1,3,8,523,986,82,152,190,392,483,810,55,59.5,51.6,76.9,-1,15.4,-1,37.5,53,53.9,48.5,59.6,,,,,,,,,,,,,,,,,,,,,,,,,,,,,,,,,,,,,,,,,,,39,26,13,0,16,23,-1,-1,0,0,36,9,27,17,1114,583,531,13,528,547,-1,-1,7,13,1027,151,763,400,3.5,4.5,2.4,0,3,4.2,-1,-1,0,0,3.5,6,3.5,4.3
"057905381","BARACK OBAMA MALE LEADERSHIP ACAD AT A MACEO SMITH","057905","DALLAS ISD",89013,92230,-1,-1,1015,1027,-1,-1,15066,15876,69917,72231,1515,1548,-1,-1,89013,92230,,,2380,2528,78010,80902,49695,51232,57864,59835,96.5,-1,98.8,-1,94.9,96.8,97.9,-1,96.4,94.1,,96.5,97,96.7,35,546,11,95,24,427,0,9,-1,-1,0,6,-1,-1,0,5,33,476,2,15,14,301,21,351,6.4,11.6,5.6,0,-1,0,-1,0,6.9,13.3,4.7,6,0,0,,-1,0,0,-1,-1,-1,-1,0,0,0,0,170,170,,-1,34,128,-1,-1,-1,-1,152,5,121,112,0,0,,-1,0,0,-1,-1,-1,-1,0,0,0,0,0,0,,-1,0,0,-1,,-1,-1,0,0,0,0,266,266,,-1,45,214,-1,,-1,-1,233,7,145,113,0,0,,-1,0,0,-1,,-1,-1,0,0,0,0
"057905382","INNOVATION DESIGN ENTREPRENEURSHIP ACADEMY","057905","DALLAS ISD",28255,30278,,,-1,-1,,,7722,8320,17905,19091,1437,1596,-1,-1,14545,15455,13710,14823,6343,6744,23352,25043,9846,10382,18276,19709,93.3,-1,-1,,92.8,93.8,90,,93.2,94.1,92.5,94.1,94.8,92.7,45,190,14,51,24,119,5,11,,,-1,-1,,,-3,-3,38,155,10,42,9,63,33,123,23.7,27.5,20.2,45.5,,-1,,40,24.5,23.8,14.3,26.8,,,,,,,,,,,,,,,,,,,,,,,,,,,,,,,,,,,,,,,,,,,0,0,0,-1,0,0,,,-3,0,0,0,0,0,190,96,94,-1,51,119,,,-3,11,156,42,120,63,0,0,0,-1,0,0,,,0,0,0,0,0,0
"057905383","CITYLAB H S","057905","DALLAS ISD",30157,32418,,,,,,,4989,5400,21782,23367,2729,2912,-1,-1,16236,17460,13921,14958,4425,4703,23038,24820,9738,10459,17756,19153,93,-1,,,92.4,93.2,93.7,,92.8,94.1,93.1,93,93.1,92.7,37,206,9,37,24,147,3,17,,,,,,,1,5,32,158,5,30,13,64,29,126,18,24.3,16.3,17.6,,,,20,20.3,16.7,20.3,23,,,,,,,,,,,,,,,,,,,,,,,,,,,,,,,,,,,,,,,,,,,0,0,0,,0,0,,,-1,-3,0,0,0,0,207,113,94,,38,148,,,-1,-3,159,30,121,65,0,0,0,,0,0,,,-1,0,0,0,0,0
"057905387","NORTH LAKE EARLY COLLEGE H S","057905","DALLAS ISD",45371,48070,-1,-1,1166,1198,,,4398,4793,37419,39509,1550,1710,-1,-1,17899,18842,27472,29228,1185,1281,39294,41627,18859,19837,22503,23780,94.4,-1,97.3,,91.8,94.7,90.6,-1,94.4,92.5,94,95,95.1,94.6,47,287,6,28,38,237,3,10,-1,-1,0,7,,,-1,-1,40,247,3,8,14,117,21,142,16.4,21.4,16,30,-1,0,,-1,16.2,37.5,12,14.8,,,,,,,,,,,,,,,,,,,,,,,,,,,,,,,,,,,,,,,,,,,0,0,0,0,0,0,-1,,-1,0,0,0,0,0,287,111,176,7,28,237,-1,,-1,10,249,8,141,118,0,0,0,0,0,0,-1,,-1,0,0,0,0,0
"057905388","DR FREDERICK HAYNES III GLOBAL PREP AT PAUL QUINN","057905","DALLAS ISD",36711,38661,,,,,,,22885,24127,12677,13317,-1,-1,-1,-1,19750,20755,16961,17906,4199,4471,35118,36999,9898,10390,23925,25278,95,-1,,,94.9,95.2,-1,,94.9,93.9,94.7,95.2,95.3,94.6,26,242,16,153,9,82,-1,-1,,,,,,,-3,-3,25,229,4,27,7,63,19,158,10.7,10.5,11,-1,,,,20,10.9,14.8,11.1,12,1,1,0,,1,0,,,-1,-1,1,0,1,0,126,65,61,,77,44,,,-1,-1,121,11,81,38,0.8,1.5,0,,1.3,0,,,-1,-1,0.8,0,1.2,0,0,0,0,,0,0,,,,,0,0,0,0,34,23,11,,20,14,,,,,33,6,20,6,0,0,0,,0,0,,,,,0,0,0,0
