"9 Digit Campus Number","Campus Name","6 Digit County District Number","District Name","Campus 2024 College, Career, & Military Ready Graduates: All Students Numerator","Campus 2024 College, Career, & Military Ready Graduates: All Students Denominator","Campus 2024 College, Career, & Military Ready Graduates: African American Numerator","Campus 2024 College, Career, & Military Ready Graduates: African American Denominator","Campus 2024 College, Career, & Military Ready Graduates: Hispanic Numerator","Campus 2024 College, Career, & Military Ready Graduates: Hispanic Denominator","Campus 2024 College, Career, & Military Ready Graduates: White Numerator","Campus 2024 College, Career, & Military Ready Graduates: White Denominator","Campus 2024 College, Career, & Military Ready Graduates: American Indian Numerator","Campus 2024 College, Career, & Military Ready Graduates: American Indian Denominator","Campus 2024 College, Career, & Military Ready Graduates: Asian Numerator","Campus 2024 College, Career, & Military Ready Graduates: Asian Denominator","Campus 2024 College, Career, & Military Ready Graduates: Pacific Islander Numerator","Campus 2024 College, Career, & Military Ready Graduates: Pacific Islander Denominator","Campus 2024 College, Career, & Military Ready Graduates: Two or More Races Numerator","Campus 2024 College, Career, & Military Ready Graduates: Two or More Races Denominator","Campus 2024 College, Career, & Military Ready Graduates: Econ Disadv Numerator","Campus 2024 College, Career, & Military Ready Graduates: Econ Disadv Denominator","Campus 2024 College, Career, & Military Ready Graduates: Special Ed Numerator","Campus 2024 College, Career, & Military Ready Graduates: Special Ed Denominator","Campus 2024 College, Career, & Military Ready Graduates: EB/EL Numerator","Campus 2024 College, Career, & Military Ready Graduates: EB/EL Denominator","Campus 2024 College, Career, & Military Ready Graduates: All Students Rate","Campus 2024 College, Career, & Military Ready Graduates: African American Rate","Campus 2024 College, Career, & Military Ready Graduates: Hispanic Rate","Campus 2024 College, Career, & Military Ready Graduates: White Rate","Campus 2024 College, Career, & Military Ready Graduates: American Indian Rate","Campus 2024 College, Career, & Military Ready Graduates: Asian Rate","Campus 2024 College, Career, & Military Ready Graduates: Pacific Islander Rate","Campus 2024 College, Career, & Military Ready Graduates: Two or More Races Rate","Campus 2024 College, Career, & Military Ready Graduates: Econ Disadv Rate","Campus 2024 College, Career, & Military Ready Graduates: Special Ed Rate","Campus 2024 College, Career, & Military Ready Graduates: EB/EL Rate","Campus 2024 Associated CCMR: College Ready - All Students Numerator","Campus 2024 Associated CCMR: College Ready Only - All Students Numerator","Campus 2024 Associated CCMR: Career/Military Ready Only - All Students Numerator","Campus 2024 Associated CCMR: College Ready and Career/Military Ready - All Students Numerator","Campus 2024 Associated CCMR: Associate Degree and Career/Military Ready - All Students Numerator","Campus 2024 Associated CCMR: Associate Degree but not Career/Military Ready - All Students Numerator","Campus 2024 Associated CCMR: College Ready - African American Numerator","Campus 2024 Associated CCMR: College Ready Only - African American Numerator","Campus 2024 Associated CCMR: Career/Military Ready Only - African American Numerator","Campus 2024 Associated CCMR: College Ready and Career/Military Ready - African American Numerator","Campus 2024 Associated CCMR: Associate Degree and Career/Military Ready - African American Numerator","Campus 2024 Associated CCMR: Associate Degree but not Career/Military Ready - African American Numerator","Campus 2024 Associated CCMR: College Ready - Hispanic Numerator","Campus 2024 Associated CCMR: College Ready Only - Hispanic Numerator","Campus 2024 Associated CCMR: Career/Military Ready Only - Hispanic Numerator","Campus 2024 Associated CCMR: College Ready and Career/Military Ready - Hispanic Numerator","Campus 2024 Associated CCMR: Associate Degree and Career/Military Ready - Hispanic Numerator","Campus 2024 Associated CCMR: Associate Degree but not Career/Military Ready - Hispanic Numerator","Campus 2024 Associated CCMR: College Ready - White Numerator","Campus 2024 Associated CCMR: College Ready Only - White Numerator","Campus 2024 Associated CCMR: Career/Military Ready Only - White Numerator","Campus 2024 Associated CCMR: College Ready and Career/Military Ready - White Numerator","Campus 2024 Associated CCMR: Associate Degree and Career/Military Ready - White Numerator","Campus 2024 Associated CCMR: Associate Degree but not Career/Military Ready - White Numerator","Campus 2024 Associated CCMR: College Ready - American Indian Numerator","Campus 2024 Associated CCMR: College Ready Only - American Indian Numerator","Campus 2024 Associated CCMR: Career/Military Ready Only - American Indian Numerator","Campus 2024 Associated CCMR: College Ready and Career/Military Ready - American Indian Numerator","Campus 2024 Associated CCMR: Associate Degree and Career/Military Ready - American Indian Numerator","Campus 2024 Associated CCMR: Associate Degree but not Career/Military Ready - American Indian Numerator","Campus 2024 Associated CCMR: College Ready - Asian Numerator","Campus 2024 Associated CCMR: College Ready Only - Asian Numerator","Campus 2024 Associated CCMR: Career/Military Ready Only - Asian Numerator","Campus 2024 Associated CCMR: College Ready and Career/Military Ready - Asian Numerator","Campus 2024 Associated CCMR: Associate Degree and Career/Military Ready - Asian Numerator","Campus 2024 Associated CCMR: Associate Degree but not Career/Military Ready - Asian Numerator","Campus 2024 Associated CCMR: College Ready - Pacific Islander Numerator","Campus 2024 Associated CCMR: College Ready Only - Pacific Islander Numerator","Campus 2024 Associated CCMR: Career/Military Ready Only - Pacific Islander Numerator","Campus 2024 Associated CCMR: College Ready and Career/Military Ready - Pacific Islander Numerator","Campus 2024 Associated CCMR: Associate Degree and Career/Military Ready - Pacific Islander Numerator","Campus 2024 Associated CCMR: Associate Degree but not Career/Military Ready - Pacific Islander Numerator","Campus 2024 Associated CCMR: College Ready - Two or More Races Numerator","Campus 2024 Associated CCMR: College Ready Only - Two or More Races Numerator","Campus 2024 Associated CCMR: Career/Military Ready Only - Two or More Races Numerator","Campus 2024 Associated CCMR: College Ready and Career/Military Ready - Two or More Races Numerator","Campus 2024 Associated CCMR: Associate Degree and Career/Military Ready - Two or More Races Numerator","Campus 2024 Associated CCMR: Associate Degree but not Career/Military Ready - Two or More Races Numerator","Campus 2024 Associated CCMR: College Ready - Econ Disadv Numerator","Campus 2024 Associated CCMR: College Ready Only - Econ Disadv Numerator","Campus 2024 Associated CCMR: Career/Military Ready Only - Econ Disadv Numerator","Campus 2024 Associated CCMR: College Ready and Career/Military Ready - Econ Disadv Numerator","Campus 2024 Associated CCMR: Associate Degree and Career/Military Ready - Econ Disadv Numerator","Campus 2024 Associated CCMR: Associate Degree but not Career/Military Ready - Econ Disadv Numerator","Campus 2024 Associated CCMR: College Ready - Special Ed Numerator","Campus 2024 Associated CCMR: College Ready Only - Special Ed Numerator","Campus 2024 Associated CCMR: Career/Military Ready Only - Special Ed Numerator","Campus 2024 Associated CCMR: College Ready and Career/Military Ready - Special Ed Numerator","Campus 2024 Associated CCMR: Associate Degree and Career/Military Ready - Special Ed Numerator","Campus 2024 Associated CCMR: Associate Degree but not Career/Military Ready - Special Ed Numerator","Campus 2024 Associated CCMR: College Ready - EB/EL Numerator","Campus 2024 Associated CCMR: College Ready Only - EB/EL Numerator","Campus 2024 Associated CCMR: Career/Military Ready Only - EB/EL Numerator","Campus 2024 Associated CCMR: College Ready and Career/Military Ready - EB/EL Numerator","Campus 2024 Associated CCMR: Associate Degree and Career/Military Ready - EB/EL Numerator","Campus 2024 Associated CCMR: Associate Degree but not Career/Military Ready - EB/EL Numerator","Campus 2024 Associated CCMR: College Ready - All Students Rate","Campus 2024 Associated CCMR: College Ready Only - All Students Rate","Campus 2024 Associated CCMR: Career/Military Ready Only - All Students Rate","Campus 2024 Associated CCMR: College Ready and Career/Military Ready - All Students Rate","Campus 2024 Associated CCMR: Associate Degree and Career/Military Ready - All Students Rate","Campus 2024 Associated CCMR: Associate Degree but not Career/Military Ready - All Students Rate","Campus 2024 Associated CCMR: College Ready - African American Rate","Campus 2024 Associated CCMR: College Ready Only - African American Rate","Campus 2024 Associated CCMR: Career/Military Ready Only - African American Rate","Campus 2024 Associated CCMR: College Ready and Career/Military Ready - African American Rate","Campus 2024 Associated CCMR: Associate Degree and Career/Military Ready - African American Rate","Campus 2024 Associated CCMR: Associate Degree but not Career/Military Ready - African American Rate","Campus 2024 Associated CCMR: College Ready - Hispanic Rate","Campus 2024 Associated CCMR: College Ready Only - Hispanic Rate","Campus 2024 Associated CCMR: Career/Military Ready Only - Hispanic Rate","Campus 2024 Associated CCMR: College Ready and Career/Military Ready - Hispanic Rate","Campus 2024 Associated CCMR: Associate Degree and Career/Military Ready - Hispanic Rate","Campus 2024 Associated CCMR: Associate Degree but not Career/Military Ready - Hispanic Rate","Campus 2024 Associated CCMR: College Ready - White Rate","Campus 2024 Associated CCMR: College Ready Only - White Rate","Campus 2024 Associated CCMR: Career/Military Ready Only - White Rate","Campus 2024 Associated CCMR: College Ready and Career/Military Ready - White Rate","Campus 2024 Associated CCMR: Associate Degree and Career/Military Ready - White Rate","Campus 2024 Associated CCMR: Associate Degree but not Career/Military Ready - White Rate","Campus 2024 Associated CCMR: College Ready - American Indian Rate","Campus 2024 Associated CCMR: College Ready Only - American Indian Rate","Campus 2024 Associated CCMR: Career/Military Ready Only - American Indian Rate","Campus 2024 Associated CCMR: College Ready and Career/Military Ready - American Indian Rate","Campus 2024 Associated CCMR: Associate Degree and Career/Military Ready - American Indian Rate","Campus 2024 Associated CCMR: Associate Degree but not Career/Military Ready - American Indian Rate","Campus 2024 Associated CCMR: College Ready - Asian Rate","Campus 2024 Associated CCMR: College Ready Only - Asian Rate","Campus 2024 Associated CCMR: Career/Military Ready Only - Asian Rate","Campus 2024 Associated CCMR: College Ready and Career/Military Ready - Asian Rate","Campus 2024 Associated CCMR: Associate Degree and Career/Military Ready - Asian Rate","Campus 2024 Associated CCMR: Associate Degree but not Career/Military Ready - Asian Rate","Campus 2024 Associated CCMR: College Ready - Pacific Islander Rate","Campus 2024 Associated CCMR: College Ready Only - Pacific Islander Rate","Campus 2024 Associated CCMR: Career/Military Ready Only - Pacific Islander Rate","Campus 2024 Associated CCMR: College Ready and Career/Military Ready - Pacific Islander Rate","Campus 2024 Associated CCMR: Associate Degree and Career/Military Ready - Pacific Islander Rate","Campus 2024 Associated CCMR: Associate Degree but not Career/Military Ready - Pacific Islander Rate","Campus 2024 Associated CCMR: College Ready - Two or More Races Rate","Campus 2024 Associated CCMR: College Ready Only - Two or More Races Rate","Campus 2024 Associated CCMR: Career/Military Ready Only - Two or More Races Rate","Campus 2024 Associated CCMR: College Ready and Career/Military Ready - Two or More Races Rate","Campus 2024 Associated CCMR: Associate Degree and Career/Military Ready - Two or More Races Rate","Campus 2024 Associated CCMR: Associate Degree but not Career/Military Ready - Two or More Races Rate","Campus 2024 Associated CCMR: College Ready - Econ Disadv Rate","Campus 2024 Associated CCMR: College Ready Only - Econ Disadv Rate","Campus 2024 Associated CCMR: Career/Military Ready Only - Econ Disadv Rate","Campus 2024 Associated CCMR: College Ready and Career/Military Ready - Econ Disadv Rate","Campus 2024 Associated CCMR: Associate Degree and Career/Military Ready - Econ Disadv Rate","Campus 2024 Associated CCMR: Associate Degree but not Career/Military Ready - Econ Disadv Rate","Campus 2024 Associated CCMR: College Ready - Special Ed Rate","Campus 2024 Associated CCMR: College Ready Only - Special Ed Rate","Campus 2024 Associated CCMR: Career/Military Ready Only - Special Ed Rate","Campus 2024 Associated CCMR: College Ready and Career/Military Ready - Special Ed Rate","Campus 2024 Associated CCMR: Associate Degree and Career/Military Ready - Special Ed Rate","Campus 2024 Associated CCMR: Associate Degree but not Career/Military Ready - Special Ed Rate","Campus 2024 Associated CCMR: College Ready - EB/EL Rate","Campus 2024 Associated CCMR: College Ready Only - EB/EL Rate","Campus 2024 Associated CCMR: Career/Military Ready Only - EB/EL Rate","Campus 2024 Associated CCMR: College Ready and Career/Military Ready - EB/EL Rate","Campus 2024 Associated CCMR: Associate Degree and Career/Military Ready - EB/EL Rate","Campus 2024 Associated CCMR: Associate Degree but not Career/Military Ready - EB/EL Rate","Campus 2024 TSI Criteria Graduates: All Students ELA Numerator","Campus 2024 TSI Criteria Graduates: All Students Mathematics Numerator","Campus 2024 TSI Criteria Graduates: All Students Either Numerator","Campus 2024 TSI Criteria Graduates: All Students Both Numerator","Campus 2024 TSI Criteria Graduates: African American ELA Numerator","Campus 2024 TSI Criteria Graduates: African American Mathematics Numerator","Campus 2024 TSI Criteria Graduates: African American Both Numerator","Campus 2024 TSI Criteria Graduates: African American Either Numerator","Campus 2024 TSI Criteria Graduates: Hispanic ELA Numerator","Campus 2024 TSI Criteria Graduates: Hispanic Mathematics Numerator","Campus 2024 TSI Criteria Graduates: Hispanic Both Numerator","Campus 2024 TSI Criteria Graduates: Hispanic Either Numerator","Campus 2024 TSI Criteria Graduates: White ELA Numerator","Campus 2024 TSI Criteria Graduates: White Mathematics Numerator","Campus 2024 TSI Criteria Graduates: White Both Numerator","Campus 2024 TSI Criteria Graduates: White Either Numerator","Campus 2024 TSI Criteria Graduates: American Indian ELA Numerator","Campus 2024 TSI Criteria Graduates: American Indian Mathematics Numerator","Campus 2024 TSI Criteria Graduates: American Indian Both Numerator","Campus 2024 TSI Criteria Graduates: American Indian Either Numerator","Campus 2024 TSI Criteria Graduates: Asian ELA Numerator","Campus 2024 TSI Criteria Graduates: Asian Mathematics Numerator","Campus 2024 TSI Criteria Graduates: Asian Both Numerator","Campus 2024 TSI Criteria Graduates: Asian Either Numerator","Campus 2024 TSI Criteria Graduates: Pacific Islander ELA Numerator","Campus 2024 TSI Criteria Graduates: Pacific Islander Mathematics Numerator","Campus 2024 TSI Criteria Graduates: Pacific Islander Both Numerator","Campus 2024 TSI Criteria Graduates: Pacific Islander Either Numerator","Campus 2024 TSI Criteria Graduates: Two or More Races ELA Numerator","Campus 2024 TSI Criteria Graduates: Two or More Races Mathematics Numerator","Campus 2024 TSI Criteria Graduates: Two or More Races Both Numerator","Campus 2024 TSI Criteria Graduates: Two or More Races Either Numerator","Campus 2024 TSI Criteria Graduates: Econ Disadv ELA Numerator","Campus 2024 TSI Criteria Graduates: Econ Disadv Mathematics Numerator","Campus 2024 TSI Criteria Graduates: Econ Disadv Both Numerator","Campus 2024 TSI Criteria Graduates: Econ Disadv Either Numerator","Campus 2024 TSI Criteria Graduates: Special Ed ELA Numerator","Campus 2024 TSI Criteria Graduates: Special Ed Mathematics Numerator","Campus 2024 TSI Criteria Graduates: Special Ed Both Numerator","Campus 2024 TSI Criteria Graduates: Special Ed Either Numerator","Campus 2024 TSI Criteria Graduates: EB/EL ELA Numerator","Campus 2024 TSI Criteria Graduates: EB/EL Mathematics Numerator","Campus 2024 TSI Criteria Graduates: EB/EL Both Numerator","Campus 2024 TSI Criteria Graduates: EB/EL Either Numerator","Campus 2024 TSI Criteria Graduates: All Students Mathematics Rate","Campus 2024 TSI Criteria Graduates: All Students ELA Rate","Campus 2024 TSI Criteria Graduates: All Students Both Rate","Campus 2024 TSI Criteria Graduates: All Students Either Rate","Campus 2024 TSI Criteria Graduates: American Indian Mathematics Rate","Campus 2024 TSI Criteria Graduates: American Indian ELA Rate","Campus 2024 TSI Criteria Graduates: American Indian Both Rate","Campus 2024 TSI Criteria Graduates: American Indian Either Rate","Campus 2024 TSI Criteria Graduates: Pacific Islander Mathematics Rate","Campus 2024 TSI Criteria Graduates: Pacific Islander ELA Rate","Campus 2024 TSI Criteria Graduates: Pacific Islander Both Rate","Campus 2024 TSI Criteria Graduates: Pacific Islander Either Rate","Campus 2024 TSI Criteria Graduates: African American Mathematics Rate","Campus 2024 TSI Criteria Graduates: African American ELA Rate","Campus 2024 TSI Criteria Graduates: African American Both Rate","Campus 2024 TSI Criteria Graduates: African American Either Rate","Campus 2024 TSI Criteria Graduates: Hispanic Mathematics Rate","Campus 2024 TSI Criteria Graduates: Hispanic ELA Rate","Campus 2024 TSI Criteria Graduates: Hispanic Both Rate","Campus 2024 TSI Criteria Graduates: Hispanic Either Rate","Campus 2024 TSI Criteria Graduates: Two or More Races Mathematics Rate","Campus 2024 TSI Criteria Graduates: Two or More Races ELA Rate","Campus 2024 TSI Criteria Graduates: Two or More Races Both Rate","Campus 2024 TSI Criteria Graduates: Two or More Races Either Rate","Campus 2024 TSI Criteria Graduates: Asian Mathematics Rate","Campus 2024 TSI Criteria Graduates: Asian ELA Rate","Campus 2024 TSI Criteria Graduates: Asian Both Rate","Campus 2024 TSI Criteria Graduates: Asian Either Rate","Campus 2024 TSI Criteria Graduates: White Mathematics Rate","Campus 2024 TSI Criteria Graduates: White ELA Rate","Campus 2024 TSI Criteria Graduates: White Both Rate","Campus 2024 TSI Criteria Graduates: White Either Rate","Campus 2024 TSI Criteria Graduates: Special Ed Mathematics Rate","Campus 2024 TSI Criteria Graduates: Special Ed ELA Rate","Campus 2024 TSI Criteria Graduates: Special Ed Both Rate","Campus 2024 TSI Criteria Graduates: Special Ed Either Rate","Campus 2024 TSI Criteria Graduates: Econ Disadv Mathematics Rate","Campus 2024 TSI Criteria Graduates: Econ Disadv ELA Rate","Campus 2024 TSI Criteria Graduates: Econ Disadv Both Rate","Campus 2024 TSI Criteria Graduates: Econ Disadv Either Rate","Campus 2024 TSI Criteria Graduates: EB/EL Mathematics Rate","Campus 2024 TSI Criteria Graduates: EB/EL ELA Rate","Campus 2024 TSI Criteria Graduates: EB/EL Both Rate","Campus 2024 TSI Criteria Graduates: EB/EL Either Rate","Campus 2024 Special Ed Graduates with Advanced Diploma Plan: All Students Numerator","Campus 2024 Special Ed Graduates with Advanced Diploma Plan: African American Numerator","Campus 2024 Special Ed Graduates with Advanced Diploma Plan: Hispanic Numerator","Campus 2024 Special Ed Graduates with Advanced Diploma Plan: White Numerator","Campus 2024 Special Ed Graduates with Advanced Diploma Plan: American Indian Numerator","Campus 2024 Special Ed Graduates with Advanced Diploma Plan: Asian Numerator","Campus 2024 Special Ed Graduates with Advanced Diploma Plan: Pacific Islander Numerator","Campus 2024 Special Ed Graduates with Advanced Diploma Plan: Two or More Races Numerator","Campus 2024 Special Ed Graduates with Advanced Diploma Plan: Econ Disadv Numerator","Campus 2024 Special Ed Graduates with Advanced Diploma Plan: Special Ed Numerator","Campus 2024 Special Ed Graduates with Advanced Diploma Plan: EB/EL Numerator","Campus 2024 Special Ed Graduates with Advanced Diploma Plan: All Students Rate","Campus 2024 Special Ed Graduates with Advanced Diploma Plan: African American Rate","Campus 2024 Special Ed Graduates with Advanced Diploma Plan: Hispanic Rate","Campus 2024 Special Ed Graduates with Advanced Diploma Plan: White Rate","Campus 2024 Special Ed Graduates with Advanced Diploma Plan: American Indian Rate","Campus 2024 Special Ed Graduates with Advanced Diploma Plan: Asian Rate","Campus 2024 Special Ed Graduates with Advanced Diploma Plan: Pacific Islander Rate","Campus 2024 Special Ed Graduates with Advanced Diploma Plan: Two or More Races Rate","Campus 2024 Special Ed Graduates with Advanced Diploma Plan: Econ Disadv Rate","Campus 2024 Special Ed Graduates with Advanced Diploma Plan: Special Ed Rate","Campus 2024 Special Ed Graduates with Advanced Diploma Plan: EB/EL Rate"
CAMPUS,CAMPNAME,DISTRICT,DISTNAME,CA0GP24N,CA0GP24D,CB0GP24N,CB0GP24D,CH0GP24N,CH0GP24D,CW0GP24N,CW0GP24D,CI0GP24N,CI0GP24D,C30GP24N,C30GP24D,C40GP24N,C40GP24D,C20GP24N,C20GP24D,CE0GP24N,CE0GP24D,CS0GP24N,CS0GP24D,CL0GP24N,CL0GP24D,CA0GP24R,CB0GP24R,CH0GP24R,CW0GP24R,CI0GP24R,C30GP24R,C40GP24R,C20GP24R,CE0GP24R,CS0GP24R,CL0GP24R,CA1GG24N,CA2GG24N,CA4GG24N,CABGG24N,CA5GG24N,CA6GG24N,CB1GG24N,CB2GG24N,CB4GG24N,CBBGG24N,CB5GG24N,CB6GG24N,CH1GG24N,CH2GG24N,CH4GG24N,CHBGG24N,CH5GG24N,CH6GG24N,CW1GG24N,CW2GG24N,CW4GG24N,CWBGG24N,CW5GG24N,CW6GG24N,CI1GG24N,CI2GG24N,CI4GG24N,CIBGG24N,CI5GG24N,CI6GG24N,C31GG24N,C32GG24N,C34GG24N,C3BGG24N,C35GG24N,C36GG24N,C41GG24N,C42GG24N,C44GG24N,C4BGG24N,C45GG24N,C46GG24N,C21GG24N,C22GG24N,C24GG24N,C2BGG24N,C25GG24N,C26GG24N,CE1GG24N,CE2GG24N,CE4GG24N,CEBGG24N,CE5GG24N,CE6GG24N,CS1GG24N,CS2GG24N,CS4GG24N,CSBGG24N,CS5GG24N,CS6GG24N,CL1GG24N,CL2GG24N,CL4GG24N,CLBGG24N,CL5GG24N,CL6GG24N,CA1GG24R,CA2GG24R,CA4GG24R,CABGG24R,CA5GG24R,CA6GG24R,CB1GG24R,CB2GG24R,CB4GG24R,CBBGG24R,CB5GG24R,CB6GG24R,CH1GG24R,CH2GG24R,CH4GG24R,CHBGG24R,CH5GG24R,CH6GG24R,CW1GG24R,CW2GG24R,CW4GG24R,CWBGG24R,CW5GG24R,CW6GG24R,CI1GG24R,CI2GG24R,CI4GG24R,CIBGG24R,CI5GG24R,CI6GG24R,C31GG24R,C32GG24R,C34GG24R,C3BGG24R,C35GG24R,C36GG24R,C41GG24R,C42GG24R,C44GG24R,C4BGG24R,C45GG24R,C46GG24R,C21GG24R,C22GG24R,C24GG24R,C2BGG24R,C25GG24R,C26GG24R,CE1GG24R,CE2GG24R,CE4GG24R,CEBGG24R,CE5GG24R,CE6GG24R,CS1GG24R,CS2GG24R,CS4GG24R,CSBGG24R,CS5GG24R,CS6GG24R,CL1GG24R,CL2GG24R,CL4GG24R,CLBGG24R,CL5GG24R,CL6GG24R,CACRR24N,CACRM24N,CACRE24N,CACRB24N,CBCRR24N,CBCRM24N,CBCRB24N,CBCRE24N,CHCRR24N,CHCRM24N,CHCRB24N,CHCRE24N,CWCRR24N,CWCRM24N,CWCRB24N,CWCRE24N,CICRR24N,CICRM24N,CICRB24N,CICRE24N,C3CRR24N,C3CRM24N,C3CRB24N,C3CRE24N,C4CRR24N,C4CRM24N,C4CRB24N,C4CRE24N,C2CRR24N,C2CRM24N,C2CRB24N,C2CRE24N,CECRR24N,CECRM24N,CECRB24N,CECRE24N,CSCRR24N,CSCRM24N,CSCRB24N,CSCRE24N,CLCRR24N,CLCRM24N,CLCRB24N,CLCRE24N,CACRM24R,CACRR24R,CACRB24R,CACRE24R,CICRM24R,CICRR24R,CICRB24R,CICRE24R,C4CRM24R,C4CRR24R,C4CRB24R,C4CRE24R,CBCRM24R,CBCRR24R,CBCRB24R,CBCRE24R,CHCRM24R,CHCRR24R,CHCRB24R,CHCRE24R,C2CRM24R,C2CRR24R,C2CRB24R,C2CRE24R,C3CRM24R,C3CRR24R,C3CRB24R,C3CRE24R,CWCRM24R,CWCRR24R,CWCRB24R,CWCRE24R,CSCRM24R,CSCRR24R,CSCRB24R,CSCRE24R,CECRM24R,CECRR24R,CECRB24R,CECRE24R,CLCRM24R,CLCRR24R,CLCRB24R,CLCRE24R,CASGA24N,CBSGA24N,CHSGA24N,CWSGA24N,CISGA24N,C3SGA24N,C4SGA24N,C2SGA24N,CESGA24N,CSSGA24N,CLSGA24N,CASGA24R,CBSGA24R,CHSGA24R,CWSGA24R,CISGA24R,C3SGA24R,C4SGA24R,C2SGA24R,CESGA24R,CSSGA24R,CLSGA24R
"057905001","BRYAN ADAMS H S LEADERSHIP ACADEMY","057905","DALLAS ISD",481,503,53,57,385,403,26,26,-1,-1,9,9,,,-3,-3,425,444,33,33,241,255,95.6,93,95.5,100,-1,100,,100,95.7,100,94.5,336,181,145,155,29,7,35,19,18,16,8,0,267,146,118,121,18,6,24,12,2,12,2,1,-1,-1,-1,-1,-1,-1,5,2,4,3,0,0,,0,0,0,0,0,-3,-3,-3,-3,-3,-3,290,155,135,135,24,5,32,19,1,13,0,0,148,79,93,69,9,1,66.8,36,28.8,30.8,5.8,1.4,61.4,33.3,31.6,28.1,14,0,66.3,36.2,29.3,30,4.5,1.5,92.3,46.2,7.7,46.2,7.7,3.8,-1,-1,-1,-1,-1,-1,55.6,22.2,44.4,33.3,0,0,,,,,,,66.7,33.3,33.3,33.3,0,0,65.3,34.9,30.4,30.4,5.4,1.1,97,57.6,3,39.4,0,0,58,31,36.5,27.1,3.5,0.4,304,236,333,207,30,25,19,36,245,185,164,266,19,16,15,20,-1,-1,-1,-1,4,5,4,5,,0,0,0,-3,-3,-3,-3,259,204,176,287,6,6,4,8,137,103,84,156,46.9,60.4,41.2,66.2,-1,-1,-1,-1,,,,,43.9,52.6,33.3,63.2,45.9,60.8,40.7,66,66.7,83.3,66.7,83.3,55.6,44.4,44.4,55.6,61.5,73.1,57.7,76.9,18.2,18.2,12.1,24.2,45.9,58.3,39.6,64.6,40.4,53.7,32.9,61.2,32,4,26,1,-1,0,,-3,28,32,12,6.4,7,6.5,3.8,-1,0,,16.7,6.3,97,4.7
"057905002","W H ADAMSON H S","057905","DALLAS ISD",314,349,7,8,297,331,-1,-1,-1,-1,-1,-1,,,-1,-1,309,344,25,27,206,230,90,87.5,89.7,-1,-1,-1,,-1,89.8,92.6,89.6,253,104,61,149,53,0,6,3,1,3,0,0,239,100,58,139,49,0,-1,-1,-1,-1,-1,-1,-1,-1,-1,-1,-1,-1,-1,-1,-1,-1,-1,-1,,0,0,0,0,0,-1,-1,-1,-1,-1,-1,248,103,61,145,53,0,17,6,8,11,1,0,159,64,47,95,33,0,72.5,29.8,17.5,42.7,15.2,0,75,37.5,12.5,37.5,0,0,72.2,30.2,17.5,42,14.8,0,-1,-1,-1,-1,-1,-1,-1,-1,-1,-1,-1,-1,-1,-1,-1,-1,-1,-1,,,,,,,-1,-1,-1,-1,-1,-1,72.1,29.9,17.7,42.2,15.4,0,63,22.2,29.6,40.7,3.7,0,69.1,27.8,20.4,41.3,14.3,0,201,189,223,167,6,5,5,6,190,177,157,210,-1,-1,-1,-1,-1,-1,-1,-1,-1,-1,-1,-1,,0,0,0,-1,-1,-1,-1,198,185,164,219,5,6,4,7,123,121,104,140,54.2,57.6,47.9,63.9,-1,-1,-1,-1,,,,,62.5,75,62.5,75,53.5,57.4,47.4,63.4,-1,-1,-1,-1,-1,-1,-1,-1,-1,-1,-1,-1,22.2,18.5,14.8,25.9,53.8,57.6,47.7,63.7,52.6,53.5,45.2,60.9,17,2,15,-1,-1,-1,,-1,17,17,12,4.9,25,4.5,-1,-1,-1,,-1,4.9,63,5.2
"057905003","NEW TECH H S AT B F DARRELL H S","057905","DALLAS ISD",120,120,26,26,87,87,5,5,-1,-1,-1,-1,,,,,99,99,7,7,39,39,100,100,100,100,-1,-1,,,100,100,100,66,10,54,56,0,0,13,4,13,9,0,0,48,6,39,42,0,0,3,0,2,3,0,0,-1,-1,-1,-1,-1,-1,-1,-1,-1,-1,-1,-1,,0,0,0,0,0,,0,0,0,0,0,54,8,45,46,0,0,7,0,0,7,0,0,16,0,23,16,0,0,55,8.3,45,46.7,0,0,50,15.4,50,34.6,0,0,55.2,6.9,44.8,48.3,0,0,60,0,40,60,0,0,-1,-1,-1,-1,-1,-1,-1,-1,-1,-1,-1,-1,,,,,,,,,,,,,54.5,8.1,45.5,46.5,0,0,100,0,0,100,0,0,41,0,59,41,0,0,89,57,91,55,22,13,13,22,61,41,39,63,4,1,1,4,-1,-1,-1,-1,-1,-1,-1,-1,,0,0,0,,0,0,0,72,45,43,74,3,2,1,4,23,10,10,23,47.5,74.2,45.8,75.8,-1,-1,-1,-1,,,,,50,84.6,50,84.6,47.1,70.1,44.8,72.4,,,,,-1,-1,-1,-1,20,80,20,80,28.6,42.9,14.3,57.1,45.5,72.7,43.4,74.7,25.6,59,25.6,59,7,0,6,1,-1,-1,,,6,7,5,5.8,0,6.9,20,-1,-1,,,6.1,100,12.8
"057905005","MOISES E MOLINA H S","057905","DALLAS ISD",423,463,17,20,399,436,-3,-3,,,,,,,-1,-1,397,431,36,40,210,228,91.4,85,91.5,100,,,,-1,92.1,90,92.1,374,151,49,223,39,29,8,2,9,6,0,0,359,148,40,211,38,29,-3,-3,-3,-3,-3,-3,,0,0,0,0,0,,0,0,0,0,0,,0,0,0,0,0,-1,-1,-1,-1,-1,-1,351,146,46,205,37,28,31,8,5,23,0,0,190,77,20,113,24,15,80.8,32.6,10.6,48.2,8.4,6.3,40,10,45,30,0,0,82.3,33.9,9.2,48.4,8.7,6.7,100,16.7,0,83.3,16.7,0,,,,,,,,,,,,,,,,,,,-1,-1,-1,-1,-1,-1,81.4,33.9,10.7,47.6,8.6,6.5,77.5,20,12.5,57.5,0,0,83.3,33.8,8.8,49.6,10.5,6.6,352,356,380,328,6,9,6,9,340,340,316,364,-3,-3,-3,-3,,0,0,0,,0,0,0,,0,0,0,-1,-1,-1,-1,328,333,308,353,7,7,7,7,179,182,168,193,76.9,76,70.8,82.1,,,,,,,,,45,30,30,45,78,78,72.5,83.5,-1,-1,-1,-1,,,,,100,83.3,83.3,100,17.5,17.5,17.5,17.5,77.3,76.1,71.5,81.9,79.8,78.5,73.7,84.6,31,2,29,-3,,,,-1,31,31,11,6.7,10,6.7,0,,,,-1,7.2,77.5,4.8
"057905006","HILLCREST H S","057905","DALLAS ISD",329,362,64,69,214,238,45,48,,,4,5,-1,-1,-1,-1,245,273,28,30,143,165,90.9,92.8,89.9,93.8,,80,-1,-1,89.7,93.3,86.7,312,217,17,95,1,41,58,39,6,19,0,5,204,139,10,65,1,30,44,34,1,10,0,3,,0,0,0,0,0,4,3,0,1,0,1,-1,-1,-1,-1,-1,-1,-1,-1,-1,-1,-1,-1,231,154,14,77,1,31,27,16,1,11,0,0,134,89,9,45,1,16,86.2,59.9,4.7,26.2,0.3,11.3,84.1,56.5,8.7,27.5,0,7.2,85.7,58.4,4.2,27.3,0.4,12.6,91.7,70.8,2.1,20.8,0,6.3,,,,,,,80,60,0,20,0,20,-1,-1,-1,-1,-1,-1,-1,-1,-1,-1,-1,-1,84.6,56.4,5.1,28.2,0.4,11.4,90,53.3,3.3,36.7,0,0,81.2,53.9,5.5,27.3,0.6,9.7,288,261,302,247,55,51,49,57,184,168,157,195,44,36,36,44,,0,0,0,4,4,4,4,-1,-1,-1,-1,-1,-1,-1,-1,215,194,183,226,13,13,9,17,116,111,100,127,72.1,79.6,68.2,83.4,,,,,-1,-1,-1,-1,73.9,79.7,71,82.6,70.6,77.3,66,81.9,-1,-1,-1,-1,80,80,80,80,75,91.7,75,91.7,43.3,43.3,30,56.7,71.1,78.8,67,82.8,67.3,70.3,60.6,77,27,4,22,1,,0,-1,-1,25,27,13,7.5,5.8,9.2,2.1,,0,-1,-1,9.2,90,7.9
"057905007","THOMAS JEFFERSON H S","057905","DALLAS ISD",256,266,5,6,246,255,-1,-1,-1,-1,,,,,-1,-1,254,264,24,26,204,209,96.2,83.3,96.5,-1,-1,,,-1,96.2,92.3,97.6,251,179,5,72,18,12,5,4,0,1,0,0,241,170,5,71,18,11,-1,-1,-1,-1,-1,-1,-1,-1,-1,-1,-1,-1,,0,0,0,0,0,,0,0,0,0,0,-1,-1,-1,-1,-1,-1,249,177,5,72,18,12,23,16,1,7,0,0,202,147,2,55,14,9,94.4,67.3,1.9,27.1,6.8,4.5,83.3,66.7,0,16.7,0,0,94.5,66.7,2,27.8,7.1,4.3,-1,-1,-1,-1,-1,-1,-1,-1,-1,-1,-1,-1,,,,,,,,,,,,,-1,-1,-1,-1,-1,-1,94.3,67,1.9,27.3,6.8,4.5,88.5,61.5,3.8,26.9,0,0,96.7,70.3,1,26.3,6.7,4.3,210,240,244,206,4,4,4,4,201,231,197,235,-1,-1,-1,-1,-1,-1,-1,-1,,0,0,0,,0,0,0,-1,-1,-1,-1,209,238,205,242,19,19,19,19,166,193,163,196,90.2,78.9,77.4,91.7,-1,-1,-1,-1,,,,,66.7,66.7,66.7,66.7,90.6,78.8,77.3,92.2,-1,-1,-1,-1,,,,,-1,-1,-1,-1,73.1,73.1,73.1,73.1,90.2,79.2,77.7,91.7,92.3,79.4,78,93.8,23,2,21,-1,-1,,,-1,23,23,17,8.6,33.3,8.2,-1,-1,,,-1,8.7,88.5,8.1
"057905008","JUSTIN F KIMBALL H S","057905","DALLAS ISD",218,230,68,71,141,150,6,6,,,-1,-1,,,-1,-1,184,194,35,35,109,117,94.8,95.8,94,100,,-1,,-1,94.8,100,93.2,213,98,5,115,19,1,68,37,0,31,4,0,137,58,4,79,15,1,5,2,1,3,0,0,,0,0,0,0,0,-1,-1,-1,-1,-1,-1,,0,0,0,0,0,-1,-1,-1,-1,-1,-1,180,84,4,96,16,1,35,11,0,24,0,0,108,48,1,60,9,1,92.6,42.6,2.2,50,8.3,0.4,95.8,52.1,0,43.7,5.6,0,91.3,38.7,2.7,52.7,10,0.7,83.3,33.3,16.7,50,0,0,,,,,,,-1,-1,-1,-1,-1,-1,,,,,,,-1,-1,-1,-1,-1,-1,92.8,43.3,2.1,49.5,8.2,0.5,100,31.4,0,68.6,0,0,92.3,41,0.9,51.3,7.7,0.9,202,202,204,200,61,60,60,61,134,134,133,135,5,6,5,6,,0,0,0,-1,-1,-1,-1,,0,0,0,-1,-1,-1,-1,170,171,169,172,24,23,23,24,106,107,106,107,87.8,87.8,87,88.7,,,,,,,,,84.5,85.9,84.5,85.9,89.3,89.3,88.7,90,-1,-1,-1,-1,-1,-1,-1,-1,100,83.3,83.3,100,65.7,68.6,65.7,68.6,88.1,87.6,87.1,88.7,91.5,90.6,90.6,91.5,34,17,14,1,,-1,,-1,30,34,10,14.8,23.9,9.3,16.7,,-1,,-1,15.5,97.1,8.5
"057905009","LINCOLN HUMANITIES/COMMUNICATIONS MAGNET HIGH SCH","057905","DALLAS ISD",125,138,91,99,32,36,-1,-1,,,,,,,-1,-1,119,131,26,26,23,24,90.6,91.9,88.9,-1,,,,-1,90.8,100,95.8,95,37,30,58,2,0,74,31,17,43,2,0,19,5,13,14,0,0,-1,-1,-1,-1,-1,-1,,0,0,0,0,0,,0,0,0,0,0,,0,0,0,0,0,-1,-1,-1,-1,-1,-1,90,35,29,55,2,0,19,8,7,11,0,0,16,5,7,11,0,0,68.8,26.8,21.7,42,1.4,0,74.7,31.3,17.2,43.4,2,0,52.8,13.9,36.1,38.9,0,0,-1,-1,-1,-1,-1,-1,,,,,,,,,,,,,,,,,,,-1,-1,-1,-1,-1,-1,68.7,26.7,22.1,42,1.5,0,73.1,30.8,26.9,42.3,0,0,66.7,20.8,29.2,45.8,0,0,81,99,107,73,62,78,59,81,18,18,13,23,-1,-1,-1,-1,,0,0,0,,0,0,0,,0,0,0,-1,-1,-1,-1,78,95,70,103,7,14,7,14,14,16,12,18,71.7,58.7,52.9,77.5,,,,,,,,,78.8,62.6,59.6,81.8,50,50,36.1,63.9,-1,-1,-1,-1,,,,,-1,-1,-1,-1,53.8,26.9,26.9,53.8,72.5,59.5,53.4,78.6,66.7,58.3,50,75,19,15,4,-1,,,,-1,18,19,3,13.8,15.2,11.1,-1,,,,-1,13.7,73.1,12.5
"057905012","DR L G PINKSTON SR H S","057905","DALLAS ISD",228,240,64,70,159,165,-1,-1,-1,-1,-1,-1,,,-1,-1,208,219,28,29,103,107,95,91.4,96.4,-1,-1,-1,,-1,95,96.6,96.3,188,128,40,60,5,12,52,39,12,13,0,2,131,87,28,44,4,10,-1,-1,-1,-1,-1,-1,-1,-1,-1,-1,-1,-1,-1,-1,-1,-1,-1,-1,,0,0,0,0,0,-1,-1,-1,-1,-1,-1,171,117,37,54,3,11,28,17,0,11,0,0,81,53,22,28,2,4,78.3,53.3,16.7,25,2.1,5,74.3,55.7,17.1,18.6,0,2.9,79.4,52.7,17,26.7,2.4,6.1,-1,-1,-1,-1,-1,-1,-1,-1,-1,-1,-1,-1,-1,-1,-1,-1,-1,-1,,,,,,,-1,-1,-1,-1,-1,-1,78.1,53.4,16.9,24.7,1.4,5,96.6,58.6,0,37.9,0,0,75.7,49.5,20.6,26.2,1.9,3.7,154,152,171,135,45,47,42,50,106,101,90,117,-1,-1,-1,-1,-1,-1,-1,-1,-1,-1,-1,-1,,0,0,0,-1,-1,-1,-1,140,137,123,154,12,13,12,13,61,56,48,69,63.3,64.2,56.3,71.3,-1,-1,-1,-1,,,,,67.1,64.3,60,71.4,61.2,64.2,54.5,70.9,-1,-1,-1,-1,-1,-1,-1,-1,-1,-1,-1,-1,44.8,41.4,41.4,44.8,62.6,63.9,56.2,70.3,52.3,57,44.9,64.5,28,11,16,-1,-1,-1,,-1,26,28,13,11.7,15.7,9.7,-1,-1,-1,,-1,11.9,96.6,12.1
"057905013","FRANKLIN D ROOSEVELT H S OF INNOVATION","057905","DALLAS ISD",139,143,57,59,76,78,-3,-3,-1,-1,,,,,,,135,139,18,19,63,64,97.2,96.6,97.4,100,-1,,,,97.1,94.7,98.4,117,86,22,31,1,3,50,38,7,12,0,0,61,45,15,16,1,3,-3,-3,-3,-3,-3,-3,-1,-1,-1,-1,-1,-1,,0,0,0,0,0,,0,0,0,0,0,,0,0,0,0,0,113,84,22,29,1,3,18,11,0,7,0,0,52,38,11,14,1,3,81.8,60.1,15.4,21.7,0.7,2.1,84.7,64.4,11.9,20.3,0,0,78.2,57.7,19.2,20.5,1.3,3.8,100,40,0,60,0,0,-1,-1,-1,-1,-1,-1,,,,,,,,,,,,,,,,,,,81.3,60.4,15.8,20.9,0.7,2.2,94.7,57.9,0,36.8,0,0,81.3,59.4,17.2,21.9,1.6,4.7,107,107,114,100,42,46,41,47,59,55,53,61,-3,-3,-3,-3,-1,-1,-1,-1,,0,0,0,,0,0,0,,0,0,0,104,104,97,111,6,8,6,8,51,47,45,53,74.8,74.8,69.9,79.7,-1,-1,-1,-1,,,,,78,71.2,69.5,79.7,70.5,75.6,67.9,78.2,,,,,,,,,100,100,100,100,42.1,31.6,31.6,42.1,74.8,74.8,69.8,79.9,73.4,79.7,70.3,82.8,18,11,6,-3,-1,,,,17,18,4,12.6,18.6,7.7,20,-1,,,,12.2,94.7,6.3
"057905014","W W SAMUELL H S","057905","DALLAS ISD",308,400,30,41,268,348,6,7,-1,-1,-1,-1,,,-1,-1,291,375,42,50,186,253,77,73.2,77,85.7,-1,-1,,-1,77.6,84,73.5,179,134,129,45,0,64,18,10,12,8,0,1,154,119,114,35,0,60,4,2,2,2,0,2,-1,-1,-1,-1,-1,-1,-1,-1,-1,-1,-1,-1,,0,0,0,0,0,-1,-1,-1,-1,-1,-1,169,127,122,42,0,60,33,10,9,23,0,1,98,75,88,23,0,30,44.8,33.5,32.3,11.3,0,16,43.9,24.4,29.3,19.5,0,2.4,44.3,34.2,32.8,10.1,0,17.2,57.1,28.6,28.6,28.6,0,28.6,-1,-1,-1,-1,-1,-1,-1,-1,-1,-1,-1,-1,,,,,,,-1,-1,-1,-1,-1,-1,45.1,33.9,32.5,11.2,0,16,66,20,18,46,0,2,38.7,29.6,34.8,9.1,0,11.9,164,146,185,125,11,9,8,12,148,131,112,167,2,3,2,3,-1,-1,-1,-1,-1,-1,-1,-1,,0,0,0,-1,-1,-1,-1,152,137,116,173,5,4,4,5,90,84,70,104,36.5,41,31.3,46.3,-1,-1,-1,-1,,,,,22,26.8,19.5,29.3,37.6,42.5,32.2,48,-1,-1,-1,-1,-1,-1,-1,-1,42.9,28.6,28.6,42.9,8,10,8,10,36.5,40.5,30.9,46.1,33.2,35.6,27.7,41.1,32,9,22,1,-1,-1,,-1,30,32,14,8,22,6.3,14.3,-1,-1,,-1,8,64,5.5
"057905015","SEAGOVILLE H S","057905","DALLAS ISD",270,331,38,52,215,259,11,14,,,,,-1,-1,-3,-3,244,296,23,26,131,160,81.6,73.1,83,78.6,,,-1,100,82.4,88.5,81.9,161,60,109,101,27,0,18,9,20,9,4,0,132,45,83,87,22,0,7,4,4,3,1,0,,0,0,0,0,0,,0,0,0,0,0,-1,-1,-1,-1,-1,-1,-3,-3,-3,-3,-3,-3,145,54,99,91,22,0,18,9,5,9,0,0,79,31,52,48,7,0,48.6,18.1,32.9,30.5,8.2,0,34.6,17.3,38.5,17.3,7.7,0,51,17.4,32,33.6,8.5,0,50,28.6,28.6,21.4,7.1,0,,,,,,,,,,,,,-1,-1,-1,-1,-1,-1,60,20,40,40,0,0,49,18.2,33.4,30.7,7.4,0,69.2,34.6,19.2,34.6,0,0,49.4,19.4,32.5,30,4.4,0,119,127,164,82,18,21,10,29,91,97,64,124,6,5,4,7,,0,0,0,,0,0,0,-1,-1,-1,-1,-3,-3,-3,-3,104,112,70,146,3,5,1,7,48,51,27,72,38.4,36,24.8,49.5,,,,,-1,-1,-1,-1,40.4,34.6,19.2,55.8,37.5,35.1,24.7,47.9,60,60,60,60,,,,,35.7,42.9,28.6,50,19.2,11.5,3.8,26.9,37.8,35.1,23.6,49.3,31.9,30,16.9,45,18,6,11,1,,,-1,-3,17,18,8,5.4,11.5,4.2,7.1,,,-1,0,5.7,69.2,5
"057905016","SOUTH OAK CLIFF H S","057905","DALLAS ISD",258,289,173,190,79,91,-1,-1,,,-1,-1,,,-1,-1,251,281,35,36,55,64,89.3,91.1,86.8,-1,,-1,,-1,89.3,97.2,85.9,148,39,110,109,17,0,105,27,68,78,11,0,40,9,39,31,6,0,-1,-1,-1,-1,-1,-1,,0,0,0,0,0,-1,-1,-1,-1,-1,-1,,0,0,0,0,0,-1,-1,-1,-1,-1,-1,144,37,107,107,16,0,35,8,0,27,0,0,24,7,31,17,4,0,51.2,13.5,38.1,37.7,5.9,0,55.3,14.2,35.8,41.1,5.8,0,44,9.9,42.9,34.1,6.6,0,-1,-1,-1,-1,-1,-1,,,,,,,-1,-1,-1,-1,-1,-1,,,,,,,-1,-1,-1,-1,-1,-1,51.2,13.2,38.1,38.1,5.7,0,97.2,22.2,0,75,0,0,37.5,10.9,48.4,26.6,6.3,0,119,156,189,86,79,104,58,125,37,46,26,57,-1,-1,-1,-1,,0,0,0,-1,-1,-1,-1,,0,0,0,-1,-1,-1,-1,113,152,83,182,13,15,12,16,23,29,16,36,54,41.2,29.8,65.4,,,,,,,,,54.7,41.6,30.5,65.8,50.5,40.7,28.6,62.6,-1,-1,-1,-1,-1,-1,-1,-1,-1,-1,-1,-1,41.7,36.1,33.3,44.4,54.1,40.2,29.5,64.8,45.3,35.9,25,56.3,35,26,9,-1,,-1,,-1,35,35,7,12.1,13.7,9.9,-1,,-1,,-1,12.5,97.2,10.9
"057905017","H GRADY SPRUCE H S","057905","DALLAS ISD",259,312,51,57,203,248,3,5,-1,-1,,,,,-1,-1,248,295,34,43,143,169,83,89.5,81.9,60,-1,,,-1,84.1,79.1,84.6,186,53,73,133,19,0,32,12,19,20,3,0,151,40,52,111,16,0,2,1,1,1,0,0,-1,-1,-1,-1,-1,-1,,0,0,0,0,0,,0,0,0,0,0,-1,-1,-1,-1,-1,-1,177,49,71,128,19,0,33,13,1,20,1,0,100,23,43,77,8,0,59.6,17,23.4,42.6,6.1,0,56.1,21.1,33.3,35.1,5.3,0,60.9,16.1,21,44.8,6.5,0,40,20,20,20,0,0,-1,-1,-1,-1,-1,-1,,,,,,,,,,,,,-1,-1,-1,-1,-1,-1,60,16.6,24.1,43.4,6.4,0,76.7,30.2,2.3,46.5,2.3,0,59.2,13.6,25.4,45.6,4.7,0,145,128,169,104,26,22,19,29,116,104,83,137,2,1,1,2,-1,-1,-1,-1,,0,0,0,,0,0,0,-1,-1,-1,-1,139,124,100,163,11,10,9,12,74,71,54,91,41,46.5,33.3,54.2,-1,-1,-1,-1,,,,,38.6,45.6,33.3,50.9,41.9,46.8,33.5,55.2,-1,-1,-1,-1,,,,,20,40,20,40,23.3,25.6,20.9,27.9,42,47.1,33.9,55.3,42,43.8,32,53.8,33,8,25,0,-1,,,-1,32,33,18,10.6,14,10.1,0,-1,,,-1,10.8,76.7,10.7
"057905018","SUNSET H S","057905","DALLAS ISD",417,470,7,7,399,450,-1,-1,-1,-1,-1,-1,,,-1,-1,386,432,41,43,208,235,88.7,100,88.7,-1,-1,-1,,-1,89.4,95.3,88.5,319,205,98,114,16,47,6,4,1,2,0,1,306,198,93,108,15,45,-1,-1,-1,-1,-1,-1,-1,-1,-1,-1,-1,-1,-1,-1,-1,-1,-1,-1,,0,0,0,0,0,-1,-1,-1,-1,-1,-1,294,189,92,105,14,42,32,16,9,16,1,1,164,97,44,67,9,21,67.9,43.6,20.9,24.3,3.4,10,85.7,57.1,14.3,28.6,0,14.3,68,44,20.7,24,3.3,10,-1,-1,-1,-1,-1,-1,-1,-1,-1,-1,-1,-1,-1,-1,-1,-1,-1,-1,,,,,,,-1,-1,-1,-1,-1,-1,68.1,43.8,21.3,24.3,3.2,9.7,74.4,37.2,20.9,37.2,2.3,2.3,69.8,41.3,18.7,28.5,3.8,8.9,255,262,308,209,3,5,2,6,247,250,202,295,-1,-1,-1,-1,-1,-1,-1,-1,-1,-1,-1,-1,,0,0,0,-1,-1,-1,-1,231,237,188,280,10,15,7,18,111,121,91,141,55.7,54.3,44.5,65.5,-1,-1,-1,-1,,,,,71.4,42.9,28.6,85.7,55.6,54.9,44.9,65.6,-1,-1,-1,-1,-1,-1,-1,-1,-1,-1,-1,-1,34.9,23.3,16.3,41.9,54.9,53.5,43.5,64.8,51.5,47.2,38.7,60,30,2,26,-1,-1,-1,,-1,28,30,15,6.4,28.6,5.8,-1,-1,-1,,-1,6.5,69.8,6.4
"057905021","W T WHITE H S","057905","DALLAS ISD",390,421,44,46,315,342,20,21,-1,-1,8,9,,,-1,-1,330,356,26,28,212,227,92.6,95.7,92.1,95.2,-1,88.9,,-1,92.7,92.9,93.4,340,242,50,98,3,87,35,22,9,13,1,3,275,200,40,75,1,76,20,14,0,6,1,5,-1,-1,-1,-1,-1,-1,7,4,1,3,0,3,,0,0,0,0,0,-1,-1,-1,-1,-1,-1,285,207,45,78,2,73,25,17,1,8,0,1,179,136,33,43,0,44,80.8,57.5,11.9,23.3,0.7,20.7,76.1,47.8,19.6,28.3,2.2,6.5,80.4,58.5,11.7,21.9,0.3,22.2,95.2,66.7,0,28.6,4.8,23.8,-1,-1,-1,-1,-1,-1,77.8,44.4,11.1,33.3,0,33.3,,,,,,,-1,-1,-1,-1,-1,-1,80.1,58.1,12.6,21.9,0.6,20.5,89.3,60.7,3.6,28.6,0,3.6,78.9,59.9,14.5,18.9,0,19.4,304,311,341,274,32,35,30,37,242,246,216,272,20,20,19,21,-1,-1,-1,-1,7,7,6,8,,0,0,0,-1,-1,-1,-1,253,261,228,286,12,11,11,12,147,157,131,173,73.9,72.2,65.1,81,-1,-1,-1,-1,,,,,76.1,69.6,65.2,80.4,71.9,70.8,63.2,79.5,-1,-1,-1,-1,77.8,77.8,66.7,88.9,95.2,95.2,90.5,100,39.3,42.9,39.3,42.9,73.3,71.1,64,80.3,69.2,64.8,57.7,76.2,23,2,20,1,-1,0,,-1,18,23,13,5.5,4.3,5.8,4.8,-1,0,,-1,5.1,82.1,5.7
"057905022","WOODROW WILSON H S","057905","DALLAS ISD",342,377,17,18,196,225,117,120,-1,-1,-3,-3,,,8,8,150,170,34,37,87,101,90.7,94.4,87.1,97.5,-1,80,,100,88.2,91.9,86.1,325,238,17,87,0,0,15,9,2,6,0,0,182,121,14,61,0,0,116,98,1,18,0,0,-1,-1,-1,-1,-1,-1,-3,-3,-3,-3,-3,-3,,0,0,0,0,0,8,7,0,1,0,0,142,90,8,52,0,0,32,14,2,18,0,0,77,48,10,29,0,0,86.2,63.1,4.5,23.1,0,0,83.3,50,11.1,33.3,0,0,80.9,53.8,6.2,27.1,0,0,96.7,81.7,0.8,15,0,0,-1,-1,-1,-1,-1,-1,80,60,0,20,0,0,,,,,,,100,87.5,0,12.5,0,0,83.5,52.9,4.7,30.6,0,0,86.5,37.8,5.4,48.6,0,0,76.2,47.5,9.9,28.7,0,0,321,333,351,303,16,16,15,17,178,194,166,206,115,112,111,116,-1,-1,-1,-1,-3,-3,-3,-3,,0,0,0,8,8,8,8,141,146,132,155,22,27,21,28,75,86,70,91,88.3,85.1,80.4,93.1,-1,-1,-1,-1,,,,,88.9,88.9,83.3,94.4,86.2,79.1,73.8,91.6,100,100,100,100,60,80,60,80,93.3,95.8,92.5,96.7,73,59.5,56.8,75.7,85.9,82.9,77.6,91.2,85.1,74.3,69.3,90.1,32,3,22,6,-1,-3,,0,14,32,6,8.5,16.7,9.8,5,-1,20,,0,8.2,86.5,5.9
"057905023","DAVID W CARTER H S","057905","DALLAS ISD",159,200,103,133,50,61,-3,-3,,,,,,,-1,-1,122,154,32,37,34,42,79.5,77.4,82,100,,,,-1,79.2,86.5,81,125,104,34,21,2,9,81,68,22,13,0,6,38,31,12,7,2,2,-3,-3,-3,-3,-3,-3,,0,0,0,0,0,,0,0,0,0,0,,0,0,0,0,0,-1,-1,-1,-1,-1,-1,98,83,24,15,2,4,30,21,2,9,0,1,28,23,6,5,0,2,62.5,52,17,10.5,1,4.5,60.9,51.1,16.5,9.8,0,4.5,62.3,50.8,19.7,11.5,3.3,3.3,100,80,0,20,0,20,,,,,,,,,,,,,,,,,,,-1,-1,-1,-1,-1,-1,63.6,53.9,15.6,9.7,1.3,2.6,81.1,56.8,5.4,24.3,0,2.7,66.7,54.8,14.3,11.9,0,4.8,105,111,119,97,65,71,59,77,35,35,33,37,-3,-3,-3,-3,,0,0,0,,0,0,0,,0,0,0,-1,-1,-1,-1,83,86,77,92,4,4,3,5,25,25,23,27,55.5,52.5,48.5,59.5,,,,,,,,,53.4,48.9,44.4,57.9,57.4,57.4,54.1,60.7,-1,-1,-1,-1,,,,,80,80,80,80,10.8,10.8,8.1,13.5,55.8,53.9,50,59.7,59.5,59.5,54.8,64.3,30,24,5,-3,,,,-1,23,30,5,15,18,8.2,20,,,,-1,14.9,81.1,11.9
"057905024","NORTH DALLAS H S","057905","DALLAS ISD",232,246,63,66,156,166,8,9,,,-1,-1,,,-1,-1,204,218,25,28,89,95,94.3,95.5,94,88.9,,-1,,-1,93.6,89.3,93.7,193,107,39,86,13,7,53,27,10,26,3,1,128,74,28,54,6,4,7,2,1,5,3,1,,0,0,0,0,0,-1,-1,-1,-1,-1,-1,,0,0,0,0,0,-1,-1,-1,-1,-1,-1,168,93,36,75,9,5,23,14,2,9,1,1,68,41,21,27,1,3,78.5,43.5,15.9,35,5.3,2.8,80.3,40.9,15.2,39.4,4.5,1.5,77.1,44.6,16.9,32.5,3.6,2.4,77.8,22.2,11.1,55.6,33.3,11.1,,,,,,,-1,-1,-1,-1,-1,-1,,,,,,,-1,-1,-1,-1,-1,-1,77.1,42.7,16.5,34.4,4.1,2.3,82.1,50,7.1,32.1,3.6,3.6,71.6,43.2,22.1,28.4,1.1,3.2,168,167,188,147,53,48,46,55,105,109,92,122,6,5,5,6,,0,0,0,-1,-1,-1,-1,,0,0,0,-1,-1,-1,-1,145,143,127,161,16,19,15,20,55,56,48,63,67.9,68.3,59.8,76.4,,,,,,,,,72.7,80.3,69.7,83.3,65.7,63.3,55.4,73.5,-1,-1,-1,-1,-1,-1,-1,-1,55.6,66.7,55.6,66.7,67.9,57.1,53.6,71.4,65.6,66.5,58.3,73.9,58.9,57.9,50.5,66.3,22,8,14,0,,-1,,-1,21,22,9,8.9,12.1,8.4,0,,-1,,-1,9.6,78.6,9.5
"057905025","SKYLINE H S","057905","DALLAS ISD",666,748,119,140,532,592,10,11,-1,-1,-1,-1,,,-1,-1,545,607,55,57,312,355,89,85,89.9,90.9,-1,-1,,-1,89.8,96.5,87.9,473,241,193,232,1,31,78,47,41,31,1,4,386,188,146,198,0,27,5,2,5,3,0,0,-1,-1,-1,-1,-1,-1,-1,-1,-1,-1,-1,-1,,0,0,0,0,0,-1,-1,-1,-1,-1,-1,381,194,164,187,1,23,45,15,10,30,0,0,203,115,109,88,0,14,63.2,32.2,25.8,31,0.1,4.1,55.7,33.6,29.3,22.1,0.7,2.9,65.2,31.8,24.7,33.4,0,4.6,45.5,18.2,45.5,27.3,0,0,-1,-1,-1,-1,-1,-1,-1,-1,-1,-1,-1,-1,,,,,,,-1,-1,-1,-1,-1,-1,62.8,32,27,30.8,0.2,3.8,78.9,26.3,17.5,52.6,0,0,57.2,32.4,30.7,24.8,0,3.9,458,377,508,327,74,67,54,87,374,302,265,411,6,4,4,6,-1,-1,-1,-1,-1,-1,-1,-1,,0,0,0,-1,-1,-1,-1,369,299,260,408,15,15,13,17,202,161,140,223,50.4,61.2,43.7,67.9,-1,-1,-1,-1,,,,,47.9,52.9,38.6,62.1,51,63.2,44.8,69.4,-1,-1,-1,-1,-1,-1,-1,-1,36.4,54.5,36.4,54.5,26.3,26.3,22.8,29.8,49.3,60.8,42.8,67.2,45.4,56.9,39.4,62.8,45,13,32,0,-1,-1,,-1,37,45,18,6,9.3,5.4,0,-1,-1,,-1,6.1,78.9,5.1
"057905026","SCHOOL OF SCIENCE AND ENGINEERING","057905","DALLAS ISD",108,108,-3,-3,79,79,13,13,,,9,9,,,-1,-1,67,67,,,14,14,100,100,100,100,,100,,-1,100,,100,108,107,0,1,0,0,-3,-3,-3,-3,-3,-3,79,79,0,0,0,0,13,13,0,0,0,0,,0,0,0,0,0,9,8,0,1,0,0,,0,0,0,0,0,-1,-1,-1,-1,-1,-1,67,67,0,0,0,0,,0,0,0,0,0,14,14,0,0,0,0,100,99.1,0,0.9,0,0,100,100,0,0,0,0,100,100,0,0,0,0,100,100,0,0,0,0,,,,,,,100,88.9,0,11.1,0,0,,,,,,,-1,-1,-1,-1,-1,-1,100,100,0,0,0,0,,,,,,,100,100,0,0,0,0,108,108,108,108,-3,-3,-3,-3,79,79,79,79,13,13,13,13,,0,0,0,9,9,9,9,,0,0,0,-1,-1,-1,-1,67,67,67,67,,0,0,0,14,14,14,14,100,100,100,100,,,,,,,,,100,100,100,100,100,100,100,100,-1,-1,-1,-1,100,100,100,100,100,100,100,100,,,,,100,100,100,100,100,100,100,100,0,-3,0,0,,0,,-1,0,,0,0,0,0,0,,0,,-1,0,,0
"057905028","EMMETT J CONRAD H S","057905","DALLAS ISD",247,258,56,61,161,166,-1,-1,-1,-1,23,23,-1,-1,-1,-1,239,250,18,18,166,171,95.7,91.8,97,-1,-1,100,-1,-1,95.6,100,97.1,215,113,32,102,12,73,50,25,6,25,3,17,141,75,20,66,7,48,-1,-1,-1,-1,-1,-1,-1,-1,-1,-1,-1,-1,19,11,4,8,2,7,-1,-1,-1,-1,-1,-1,-1,-1,-1,-1,-1,-1,208,110,31,98,12,71,15,2,3,13,0,0,142,75,24,67,6,45,83.3,43.8,12.4,39.5,4.7,28.3,82,41,9.8,41,4.9,27.9,84.9,45.2,12,39.8,4.2,28.9,-1,-1,-1,-1,-1,-1,-1,-1,-1,-1,-1,-1,82.6,47.8,17.4,34.8,8.7,30.4,-1,-1,-1,-1,-1,-1,-1,-1,-1,-1,-1,-1,83.2,44,12.4,39.2,4.8,28.4,83.3,11.1,16.7,72.2,0,0,83,43.9,14,39.2,3.5,26.3,178,185,211,152,45,43,39,49,115,119,96,138,-1,-1,-1,-1,-1,-1,-1,-1,14,18,13,19,-1,-1,-1,-1,-1,-1,-1,-1,172,178,146,204,10,12,10,12,112,122,95,139,71.7,69,58.9,81.8,-1,-1,-1,-1,-1,-1,-1,-1,70.5,73.8,63.9,80.3,71.7,69.3,57.8,83.1,-1,-1,-1,-1,78.3,60.9,56.5,82.6,-1,-1,-1,-1,66.7,55.6,55.6,66.7,71.2,68.8,58.4,81.6,71.3,65.5,55.6,81.3,15,5,9,-1,-1,0,-1,-1,14,15,9,5.8,8.2,5.4,-1,-1,0,-1,-1,5.6,83.3,5.3
"057905032","JAMES MADISON H S","057905","DALLAS ISD",73,81,54,60,-3,-3,-1,-1,,,,,,,,,73,80,12,13,21,21,90.1,90,95,-1,,,,,91.3,92.3,100,59,20,14,39,2,0,43,16,11,27,2,0,-3,-3,-3,-3,-3,-3,-1,-1,-1,-1,-1,-1,,0,0,0,0,0,,0,0,0,0,0,,0,0,0,0,0,,0,0,0,0,0,59,20,14,39,2,0,12,4,0,8,0,0,18,4,3,14,1,0,72.8,24.7,17.3,48.1,2.5,0,71.7,26.7,18.3,45,3.3,0,80,20,15,60,0,0,-1,-1,-1,-1,-1,-1,,,,,,,,,,,,,,,,,,,,,,,,,73.8,25,17.5,48.8,2.5,0,92.3,30.8,0,61.5,0,0,85.7,19,14.3,66.7,4.8,0,42,70,70,42,31,53,31,53,-3,-3,-3,-3,-1,-1,-1,-1,,0,0,0,,0,0,0,,0,0,0,,0,0,0,42,69,42,69,2,6,2,6,13,19,13,19,86.4,51.9,51.9,86.4,,,,,,,,,88.3,51.7,51.7,88.3,85,55,55,85,,,,,,,,,-1,-1,-1,-1,46.2,15.4,15.4,46.2,86.3,52.5,52.5,86.3,90.5,61.9,61.9,90.5,12,9,-3,-1,,,,,12,12,3,14.8,15,15,-1,,,,,15,92.3,14.3
"057905033","MARVIN E ROBINSON SCHOOL OF BUSINESS AND MGMT","057905","DALLAS ISD",108,109,18,19,83,83,-1,-1,-1,-1,-1,-1,,,,,93,93,-1,-1,13,13,99.1,94.7,100,-1,-1,-1,,,100,-1,100,108,25,0,83,0,0,18,4,0,14,0,0,83,21,0,62,0,0,-1,-1,-1,-1,-1,-1,-1,-1,-1,-1,-1,-1,-1,-1,-1,-1,-1,-1,,0,0,0,0,0,,0,0,0,0,0,93,21,0,72,0,0,-1,-1,-1,-1,-1,-1,13,3,0,10,0,0,99.1,22.9,0,76.1,0,0,94.7,21.1,0,73.7,0,0,100,25.3,0,74.7,0,0,-1,-1,-1,-1,-1,-1,-1,-1,-1,-1,-1,-1,-1,-1,-1,-1,-1,-1,,,,,,,,,,,,,100,22.6,0,77.4,0,0,-1,-1,-1,-1,-1,-1,100,23.1,0,76.9,0,0,104,105,105,104,18,18,18,18,80,80,80,80,-1,-1,-1,-1,-1,-1,-1,-1,-1,-1,-1,-1,,0,0,0,,0,0,0,89,90,89,90,-1,-1,-1,-1,13,13,13,13,96.3,95.4,95.4,96.3,-1,-1,-1,-1,,,,,94.7,94.7,94.7,94.7,96.4,96.4,96.4,96.4,,,,,-1,-1,-1,-1,-1,-1,-1,-1,-1,-1,-1,-1,96.8,95.7,95.7,96.8,100,100,100,100,2,0,2,-1,-1,-1,,,1,-1,0,1.8,0,2.4,-1,-1,-1,,,1.1,-1,0
"057905034","BOOKER T WASHINGTON SPVA MAGNET","057905","DALLAS ISD",237,239,44,45,84,85,92,92,,,7,7,,,10,10,79,80,6,6,9,9,99.2,97.8,98.8,100,,100,,100,98.8,100,100,237,237,0,0,0,1,44,44,0,0,0,1,84,84,0,0,0,0,92,92,0,0,0,0,,0,0,0,0,0,7,7,0,0,0,0,,0,0,0,0,0,10,10,0,0,0,0,79,79,0,0,0,0,6,6,0,0,0,0,9,9,0,0,0,0,99.2,99.2,0,0,0,0.4,97.8,97.8,0,0,0,2.2,98.8,98.8,0,0,0,0,100,100,0,0,0,0,,,,,,,100,100,0,0,0,0,,,,,,,100,100,0,0,0,0,98.8,98.8,0,0,0,0,100,100,0,0,0,0,100,100,0,0,0,0,227,210,231,206,43,41,40,44,76,71,68,79,91,82,82,91,,0,0,0,7,7,7,7,,0,0,0,10,9,9,10,73,65,63,75,6,6,6,6,6,6,5,7,87.9,95,86.2,96.7,,,,,,,,,91.1,95.6,88.9,97.8,83.5,89.4,80,92.9,90,100,90,100,100,100,100,100,89.1,98.9,89.1,98.9,100,100,100,100,81.3,91.3,78.8,93.8,66.7,66.7,55.6,77.8,6,2,0,4,,0,,0,1,6,0,2.5,4.4,0,4.3,,0,,0,1.3,100,0
"057905035","IRMA RANGEL YOUNG WOMEN'S LEADERSHIP SCHOOL","057905","DALLAS ISD",80,80,7,7,68,68,-1,-1,,,-1,-1,,,-1,-1,63,63,,,-1,-1,100,100,100,-1,,-1,,-1,100,,-1,80,56,0,24,0,0,7,3,0,4,0,0,68,48,0,20,0,0,-1,-1,-1,-1,-1,-1,,0,0,0,0,0,-1,-1,-1,-1,-1,-1,,0,0,0,0,0,-1,-1,-1,-1,-1,-1,63,45,0,18,0,0,,0,0,0,0,0,-1,-1,-1,-1,-1,-1,100,70,0,30,0,0,100,42.9,0,57.1,0,0,100,70.6,0,29.4,0,0,-1,-1,-1,-1,-1,-1,,,,,,,-1,-1,-1,-1,-1,-1,,,,,,,-1,-1,-1,-1,-1,-1,100,71.4,0,28.6,0,0,,,,,,,-1,-1,-1,-1,-1,-1,80,80,80,80,7,7,7,7,68,68,68,68,-1,-1,-1,-1,,0,0,0,-1,-1,-1,-1,,0,0,0,-1,-1,-1,-1,63,63,63,63,,0,0,0,-1,-1,-1,-1,100,100,100,100,,,,,,,,,100,100,100,100,100,100,100,100,-1,-1,-1,-1,-1,-1,-1,-1,-1,-1,-1,-1,,,,,100,100,100,100,-1,-1,-1,-1,0,0,0,-1,,-1,,-1,0,,-1,0,0,0,-1,,-1,,-1,0,,-1
"057905036","SCHOOL OF HEALTH PROFESSIONS","057905","DALLAS ISD",116,117,14,14,93,94,-3,-3,,,-1,-1,,,,,96,97,-1,-1,17,18,99.1,100,98.9,100,,-1,,,99,-1,94.4,116,12,0,104,0,0,14,0,0,14,0,0,93,11,0,82,0,0,-3,-3,-3,-3,-3,-3,,0,0,0,0,0,-1,-1,-1,-1,-1,-1,,0,0,0,0,0,,0,0,0,0,0,96,9,0,87,0,0,-1,-1,-1,-1,-1,-1,17,2,0,15,0,0,99.1,10.3,0,88.9,0,0,100,0,0,100,0,0,98.9,11.7,0,87.2,0,0,100,0,0,100,0,0,,,,,,,-1,-1,-1,-1,-1,-1,,,,,,,,,,,,,99,9.3,0,89.7,0,0,-1,-1,-1,-1,-1,-1,94.4,11.1,0,83.3,0,0,113,116,117,112,13,14,13,14,91,93,90,94,-3,-3,-3,-3,,0,0,0,-1,-1,-1,-1,,0,0,0,,0,0,0,94,96,93,97,-1,-1,-1,-1,17,17,16,18,99.1,96.6,95.7,100,,,,,,,,,100,92.9,92.9,100,98.9,96.8,95.7,100,,,,,-1,-1,-1,-1,100,100,100,100,-1,-1,-1,-1,99,96.9,95.9,100,94.4,94.4,88.9,100,1,1,0,-3,,-1,,,1,-1,0,0.9,7.1,0,0,,-1,,,1,-1,0
"057905037","ROSIE SORRELLS EDUCATION AND SOCIAL SERVICES H S","057905","DALLAS ISD",38,38,8,8,27,27,-1,-1,,,,,,,-1,-1,28,28,-1,-1,6,6,100,100,100,-1,,,,-1,100,-1,100,38,1,0,37,0,0,8,0,0,8,0,0,27,1,0,26,0,0,-1,-1,-1,-1,-1,-1,,0,0,0,0,0,,0,0,0,0,0,,0,0,0,0,0,-1,-1,-1,-1,-1,-1,28,1,0,27,0,0,-1,-1,-1,-1,-1,-1,6,0,0,6,0,0,100,2.6,0,97.4,0,0,100,0,0,100,0,0,100,3.7,0,96.3,0,0,-1,-1,-1,-1,-1,-1,,,,,,,,,,,,,,,,,,,-1,-1,-1,-1,-1,-1,100,3.6,0,96.4,0,0,-1,-1,-1,-1,-1,-1,100,0,0,100,0,0,36,38,38,36,7,8,7,8,26,27,26,27,-1,-1,-1,-1,,0,0,0,,0,0,0,,0,0,0,-1,-1,-1,-1,26,28,26,28,-1,-1,-1,-1,5,6,5,6,100,94.7,94.7,100,,,,,,,,,100,87.5,87.5,100,100,96.3,96.3,100,-1,-1,-1,-1,,,,,-1,-1,-1,-1,-1,-1,-1,-1,100,92.9,92.9,100,100,83.3,83.3,100,1,1,0,-1,,,,-1,0,-1,0,2.6,12.5,0,-1,,,,-1,0,-1,0
"057905038","JUDGE BAREFOOT SANDERS LAW MAGNET","057905","DALLAS ISD",111,111,16,16,85,85,5,5,,,-1,-1,,,-1,-1,99,99,-1,-1,12,12,100,100,100,100,,-1,,-1,100,-1,100,111,83,0,28,0,0,16,14,0,2,0,0,85,60,0,25,0,0,5,4,0,1,0,0,,0,0,0,0,0,-1,-1,-1,-1,-1,-1,,0,0,0,0,0,-1,-1,-1,-1,-1,-1,99,75,0,24,0,0,-1,-1,-1,-1,-1,-1,12,7,0,5,0,0,100,74.8,0,25.2,0,0,100,87.5,0,12.5,0,0,100,70.6,0,29.4,0,0,100,80,0,20,0,0,,,,,,,-1,-1,-1,-1,-1,-1,,,,,,,-1,-1,-1,-1,-1,-1,100,75.8,0,24.2,0,0,-1,-1,-1,-1,-1,-1,100,58.3,0,41.7,0,0,111,111,111,111,16,16,16,16,85,85,85,85,5,5,5,5,,0,0,0,-1,-1,-1,-1,,0,0,0,-1,-1,-1,-1,99,99,99,99,-1,-1,-1,-1,12,12,12,12,100,100,100,100,,,,,,,,,100,100,100,100,100,100,100,100,-1,-1,-1,-1,-1,-1,-1,-1,100,100,100,100,-1,-1,-1,-1,100,100,100,100,100,100,100,100,1,0,1,0,,-1,,-1,1,-1,0,0.9,0,1.2,0,,-1,,-1,1,-1,0
"057905039","SCHOOL FOR THE TALENTED AND GIFTED","057905","DALLAS ISD",119,119,-3,-3,53,53,43,43,,,13,13,,,-1,-1,42,42,-1,-1,-1,-1,100,100,100,100,,100,,-1,100,-1,-1,119,119,0,0,0,0,-3,-3,-3,-3,-3,-3,53,53,0,0,0,0,43,43,0,0,0,0,,0,0,0,0,0,13,13,0,0,0,0,,0,0,0,0,0,-1,-1,-1,-1,-1,-1,42,42,0,0,0,0,-1,-1,-1,-1,-1,-1,-1,-1,-1,-1,-1,-1,100,100,0,0,0,0,100,100,0,0,0,0,100,100,0,0,0,0,100,100,0,0,0,0,,,,,,,100,100,0,0,0,0,,,,,,,-1,-1,-1,-1,-1,-1,100,100,0,0,0,0,-1,-1,-1,-1,-1,-1,-1,-1,-1,-1,-1,-1,119,119,119,119,-3,-3,-3,-3,53,53,53,53,43,43,43,43,,0,0,0,13,13,13,13,,0,0,0,-1,-1,-1,-1,42,42,42,42,-1,-1,-1,-1,-1,-1,-1,-1,100,100,100,100,,,,,,,,,100,100,100,100,100,100,100,100,-1,-1,-1,-1,100,100,100,100,100,100,100,100,-1,-1,-1,-1,100,100,100,100,-1,-1,-1,-1,2,-3,0,2,,0,,-1,0,-1,-1,1.7,0,0,4.7,,0,,-1,0,-1,-1
"057905085","KATHLYN JOY GILLIAM COLLEGIATE ACADEMY","057905","DALLAS ISD",74,74,33,33,38,38,-1,-1,,,-1,-1,,,,,53,53,-1,-1,19,19,100,100,100,-1,,-1,,,100,-1,100,74,74,0,0,0,43,33,33,0,0,0,19,38,38,0,0,0,22,-1,-1,-1,-1,-1,-1,,0,0,0,0,0,-1,-1,-1,-1,-1,-1,,0,0,0,0,0,,0,0,0,0,0,53,53,0,0,0,31,-1,-1,-1,-1,-1,-1,19,19,0,0,0,11,100,100,0,0,0,58.1,100,100,0,0,0,57.6,100,100,0,0,0,57.9,-1,-1,-1,-1,-1,-1,,,,,,,-1,-1,-1,-1,-1,-1,,,,,,,,,,,,,100,100,0,0,0,58.5,-1,-1,-1,-1,-1,-1,100,100,0,0,0,57.9,68,72,73,67,30,33,30,33,35,36,34,37,-1,-1,-1,-1,,0,0,0,-1,-1,-1,-1,,0,0,0,,0,0,0,48,51,47,52,-1,-1,-1,-1,17,18,16,19,97.3,91.9,90.5,98.6,,,,,,,,,100,90.9,90.9,100,94.7,92.1,89.5,97.4,,,,,-1,-1,-1,-1,-1,-1,-1,-1,-1,-1,-1,-1,96.2,90.6,88.7,98.1,94.7,89.5,84.2,100,2,1,1,-1,,-1,,,1,-1,0,2.7,3,2.6,-1,,-1,,,1.9,-1,0
"057905088","TRINIDAD GARZA EARLY COLLEGE AT MT VIEW","057905","DALLAS ISD",100,100,-1,-1,94,94,-1,-1,,,,,,,,,93,93,,,30,30,100,-1,100,-1,,,,,100,,100,100,100,0,0,0,99,-1,-1,-1,-1,-1,-1,94,94,0,0,0,93,-1,-1,-1,-1,-1,-1,,0,0,0,0,0,,0,0,0,0,0,,0,0,0,0,0,,0,0,0,0,0,93,93,0,0,0,92,,0,0,0,0,0,30,30,0,0,0,30,100,100,0,0,0,99,-1,-1,-1,-1,-1,-1,100,100,0,0,0,98.9,-1,-1,-1,-1,-1,-1,,,,,,,,,,,,,,,,,,,,,,,,,100,100,0,0,0,98.9,,,,,,,100,100,0,0,0,100,100,99,100,99,-1,-1,-1,-1,94,93,93,94,-1,-1,-1,-1,,0,0,0,,0,0,0,,0,0,0,,0,0,0,93,92,92,93,,0,0,0,30,30,30,30,99,100,99,100,,,,,,,,,-1,-1,-1,-1,98.9,100,98.9,100,,,,,,,,,-1,-1,-1,-1,,,,,98.9,100,98.9,100,100,100,100,100,0,-1,0,-1,,,,,0,,0,0,-1,0,-1,,,,,0,,0
"057905090","DR WRIGHT L LASSITER JR EARLY COLLEGE H S","057905","DALLAS ISD",65,65,-1,-1,-3,-3,,,,,,,,,,,57,57,,,14,14,100,-1,100,,,,,,100,,100,65,63,0,2,2,63,-1,-1,-1,-1,-1,-1,-3,-3,-3,-3,-3,-3,,0,0,0,0,0,,0,0,0,0,0,,0,0,0,0,0,,0,0,0,0,0,,0,0,0,0,0,57,55,0,2,2,55,,0,0,0,0,0,14,14,0,0,0,14,100,96.9,0,3.1,3.1,96.9,-1,-1,-1,-1,-1,-1,100,96.7,0,3.3,3.3,96.7,,,,,,,,,,,,,,,,,,,,,,,,,,,,,,,100,96.5,0,3.5,3.5,96.5,,,,,,,100,100,0,0,0,100,63,63,65,61,-1,-1,-1,-1,-3,-3,-3,-3,,0,0,0,,0,0,0,,0,0,0,,0,0,0,,0,0,0,55,55,53,57,,0,0,0,13,13,12,14,96.9,96.9,93.8,100,,,,,,,,,-1,-1,-1,-1,96.7,96.7,93.4,100,,,,,,,,,,,,,,,,,96.5,96.5,93,100,92.9,92.9,85.7,100,0,-1,-3,,,,,,0,,0,0,-1,0,,,,,,0,,0
"057905352","YOUNG WOMEN'S STEAM ACADEMY AT BALCH SPRINGS MIDDL","057905","DALLAS ISD",,,,,,,,,,,,,,,,,,,,,,,,,,,,,,,,,,,,,,,,,,,,,,,,,,,,,,,,,,,,,,,,,,,,,,,,,,,,,,,,,,,,,,,,,,,,,,,,,,,,,,,,,,,,,,,,,,,,,,,,,,,,,,,,,,,,,,,,,,,,,,,,,,,,,,,,,,,,,,,,,,,,,,,,,,,,,,,,,,,,,,,,,,,,,,,,,,,,,,,,,,,,,,,,,,,,,,,,,,,,,,,,,,,,,,,,,,,,,,,,,,,,,,,,,,,,,,,,,,,,,,,,,,,,,,,,,,,
"057905380","WILMER-HUTCHINS H S","057905","DALLAS ISD",167,190,81,94,85,93,-1,-1,,,-1,-1,,,,,163,185,19,24,59,61,87.9,86.2,91.4,-1,,-1,,,88.1,79.2,96.7,147,49,20,98,25,4,72,24,9,48,8,2,74,25,11,49,17,2,-1,-1,-1,-1,-1,-1,,0,0,0,0,0,-1,-1,-1,-1,-1,-1,,0,0,0,0,0,,0,0,0,0,0,144,47,19,97,25,4,18,8,1,10,0,0,50,17,9,33,12,1,77.4,25.8,10.5,51.6,13.2,2.1,76.6,25.5,9.6,51.1,8.5,2.1,79.6,26.9,11.8,52.7,18.3,2.2,-1,-1,-1,-1,-1,-1,,,,,,,-1,-1,-1,-1,-1,-1,,,,,,,,,,,,,77.8,25.4,10.3,52.4,13.5,2.2,75,33.3,4.2,41.7,0,0,82,27.9,14.8,54.1,19.7,1.6,141,144,163,122,68,72,62,78,72,69,59,82,-1,-1,-1,-1,,0,0,0,-1,-1,-1,-1,,0,0,0,,0,0,0,138,140,119,159,12,11,10,13,50,49,41,58,75.8,74.2,64.2,85.8,,,,,,,,,76.6,72.3,66,83,74.2,77.4,63.4,88.2,,,,,-1,-1,-1,-1,-1,-1,-1,-1,45.8,50,41.7,54.2,75.7,74.6,64.3,85.9,80.3,82,67.2,95.1,18,12,6,-1,,-1,,,17,18,1,9.5,12.8,6.5,-1,,-1,,,9.2,75,1.6
"057905381","BARACK OBAMA MALE LEADERSHIP ACAD AT A MACEO SMITH","057905","DALLAS ISD",32,39,-3,-3,24,29,,,,,-1,-1,,,,,27,32,-1,-1,7,7,82.1,77.8,82.8,,,-1,,,84.4,-1,100,32,32,0,0,0,0,-3,-3,-3,-3,-3,-3,24,24,0,0,0,0,,0,0,0,0,0,,0,0,0,0,0,-1,-1,-1,-1,-1,-1,,0,0,0,0,0,,0,0,0,0,0,27,27,0,0,0,0,-1,-1,-1,-1,-1,-1,7,7,0,0,0,0,82.1,82.1,0,0,0,0,77.8,77.8,0,0,0,0,82.8,82.8,0,0,0,0,,,,,,,,,,,,,-1,-1,-1,-1,-1,-1,,,,,,,,,,,,,84.4,84.4,0,0,0,0,-1,-1,-1,-1,-1,-1,100,100,0,0,0,0,38,28,38,28,-3,-3,-3,-3,29,20,20,29,,0,0,0,,0,0,0,-1,-1,-1,-1,,0,0,0,,0,0,0,32,24,24,32,-1,-1,-1,-1,7,6,6,7,71.8,97.4,71.8,97.4,,,,,,,,,77.8,88.9,77.8,88.9,69,100,69,100,,,,,-1,-1,-1,-1,,,,,-1,-1,-1,-1,75,100,75,100,85.7,100,85.7,100,1,-3,1,,,-1,,,0,-1,1,2.6,0,3.4,,,-1,,,0,-1,14.3
"057905382","INNOVATION DESIGN ENTREPRENEURSHIP ACADEMY","057905","DALLAS ISD",41,43,10,11,28,29,-1,-1,,,-1,-1,,,,,36,38,7,7,16,17,95.3,90.9,96.6,-1,,-1,,,94.7,100,94.1,37,5,4,32,0,0,10,3,0,7,0,0,24,1,4,23,0,0,-1,-1,-1,-1,-1,-1,,0,0,0,0,0,-1,-1,-1,-1,-1,-1,,0,0,0,0,0,,0,0,0,0,0,32,4,4,28,0,0,7,1,0,6,0,0,14,1,2,13,0,0,86,11.6,9.3,74.4,0,0,90.9,27.3,0,63.6,0,0,82.8,3.4,13.8,79.3,0,0,-1,-1,-1,-1,-1,-1,,,,,,,-1,-1,-1,-1,-1,-1,,,,,,,,,,,,,84.2,10.5,10.5,73.7,0,0,100,14.3,0,85.7,0,0,82.4,5.9,11.8,76.5,0,0,35,34,36,33,8,7,7,8,25,25,24,26,-1,-1,-1,-1,,0,0,0,-1,-1,-1,-1,,0,0,0,,0,0,0,32,31,30,33,5,5,5,5,14,15,14,15,79.1,81.4,76.7,83.7,,,,,,,,,63.6,72.7,63.6,72.7,86.2,86.2,82.8,89.7,,,,,-1,-1,-1,-1,-1,-1,-1,-1,71.4,71.4,71.4,71.4,81.6,84.2,78.9,86.8,88.2,82.4,82.4,88.2,7,3,1,-1,,-1,,,4,7,1,16.3,27.3,3.4,-1,,-1,,,10.5,100,5.9
"057905383","CITYLAB H S","057905","DALLAS ISD",45,48,-3,-3,37,39,-1,-1,,,,,,,,,34,37,-1,-1,20,21,93.8,87.5,94.9,-1,,,,,91.9,-1,95.2,27,1,18,26,0,0,-3,-3,-3,-3,-3,-3,21,1,16,20,0,0,-1,-1,-1,-1,-1,-1,,0,0,0,0,0,,0,0,0,0,0,,0,0,0,0,0,,0,0,0,0,0,18,1,16,17,0,0,-1,-1,-1,-1,-1,-1,9,0,11,9,0,0,56.3,2.1,37.5,54.2,0,0,62.5,0,25,62.5,0,0,53.8,2.6,41,51.3,0,0,-1,-1,-1,-1,-1,-1,,,,,,,,,,,,,,,,,,,,,,,,,48.6,2.7,43.2,45.9,0,0,-1,-1,-1,-1,-1,-1,42.9,0,52.4,42.9,0,0,29,31,40,20,-3,-3,-3,-3,23,25,16,32,-1,-1,-1,-1,,0,0,0,,0,0,0,,0,0,0,,0,0,0,19,24,13,30,-1,-1,-1,-1,10,14,6,18,64.6,60.4,41.7,83.3,,,,,,,,,75,75,50,100,64.1,59,41,82.1,,,,,,,,,-1,-1,-1,-1,-1,-1,-1,-1,64.9,51.4,35.1,81.1,66.7,47.6,28.6,85.7,4,-3,3,-1,,,,,3,-1,2,8.3,0,7.7,-1,,,,,8.1,-1,9.5
"057905387","NORTH LAKE EARLY COLLEGE H S","057905","DALLAS ISD",50,50,-1,-1,44,44,-1,-1,,,-1,-1,,,,,45,45,-1,-1,18,18,100,-1,100,-1,,-1,,,100,-1,100,50,50,0,0,0,47,-1,-1,-1,-1,-1,-1,44,44,0,0,0,41,-1,-1,-1,-1,-1,-1,,0,0,0,0,0,-1,-1,-1,-1,-1,-1,,0,0,0,0,0,,0,0,0,0,0,45,45,0,0,0,42,-1,-1,-1,-1,-1,-1,18,18,0,0,0,18,100,100,0,0,0,94,-1,-1,-1,-1,-1,-1,100,100,0,0,0,93.2,-1,-1,-1,-1,-1,-1,,,,,,,-1,-1,-1,-1,-1,-1,,,,,,,,,,,,,100,100,0,0,0,93.3,-1,-1,-1,-1,-1,-1,100,100,0,0,0,100,32,43,45,30,-1,-1,-1,-1,28,38,26,40,-1,-1,-1,-1,,0,0,0,-1,-1,-1,-1,,0,0,0,,0,0,0,27,39,26,40,-1,-1,-1,-1,11,14,9,16,86,64,60,90,,,,,,,,,-1,-1,-1,-1,86.4,63.6,59.1,90.9,,,,,-1,-1,-1,-1,-1,-1,-1,-1,-1,-1,-1,-1,86.7,60,57.8,88.9,77.8,61.1,50,88.9,1,-1,1,-1,,-1,,,1,-1,1,2,-1,2.3,-1,,-1,,,2.2,-1,5.6
"057905388","DR FREDERICK HAYNES III GLOBAL PREP AT PAUL QUINN","057905","DALLAS ISD",,,,,,,,,,,,,,,,,,,,,,,,,,,,,,,,,,,,,,,,,,,,,,,,,,,,,,,,,,,,,,,,,,,,,,,,,,,,,,,,,,,,,,,,,,,,,,,,,,,,,,,,,,,,,,,,,,,,,,,,,,,,,,,,,,,,,,,,,,,,,,,,,,,,,,,,,,,,,,,,,,,,,,,,,,,,,,,,,,,,,,,,,,,,,,,,,,,,,,,,,,,,,,,,,,,,,,,,,,,,,,,,,,,,,,,,,,,,,,,,,,,,,,,,,,,,,,,,,,,,,,,,,,,,,,,,,,,
